id,label
1,0.6134992241859436
2,0.9908214807510376
3,0.9933038353919983
4,0.9999969005584717
5,0.004507601261138916
6,0.21594779193401337
7,1.2837064105042373e-06
8,0.8138378262519836
9,2.133211091859266e-05
10,0.0009316307259723544
11,1.0152597695878285e-07
12,0.7412244081497192
13,0.031171923503279686
14,0.3065297603607178
15,0.001295453985221684
16,0.0026416403707116842
17,0.0011459089582785964
18,0.9986245632171631
19,0.4784018397331238
20,0.005670477636158466
21,0.9932548403739929
22,0.0006851465441286564
23,0.7705205678939819
24,0.9836814403533936
25,0.9994275569915771
26,0.4625072479248047
27,0.9463748335838318
28,2.1996816812475117e-08
29,0.7078375220298767
30,0.9868153929710388
31,0.9220795631408691
32,0.006315424107015133
33,0.7393946051597595
34,0.0005475865327753127
35,0.030371904373168945
36,0.260155588388443
37,1.097085350920679e-05
38,0.012353566475212574
39,0.9999960660934448
40,6.721660611219704e-05
41,0.1670101433992386
42,0.992170512676239
43,0.9999991655349731
44,0.9902341365814209
45,0.14497295022010803
46,0.5269449353218079
47,0.006608302239328623
48,0.89444899559021
49,0.9897380471229553
50,0.19263090193271637
51,0.8664760589599609
52,0.026200303807854652
53,0.043971799314022064
54,0.0006215204484760761
55,0.8154592514038086
56,0.5602850317955017
57,1.0
58,0.002910749753937125
59,0.9999945163726807
60,0.8157252073287964
61,0.00708132516592741
62,0.14101295173168182
63,0.040753792971372604
64,0.9381994009017944
65,1.0
66,0.959234893321991
67,0.9899729490280151
68,7.801553147146478e-05
69,1.0
70,0.9972118735313416
71,0.9819018244743347
72,0.9967702627182007
73,0.9999803304672241
74,0.9998960494995117
75,0.06677167862653732
76,0.0763903334736824
77,0.9759609699249268
78,0.5753135085105896
79,0.1825137734413147
80,0.000411864195484668
81,0.082671158015728
82,0.8517953753471375
83,0.9999948740005493
84,5.927707752562128e-05
85,0.9994521737098694
86,0.9215958714485168
87,0.8798161745071411
88,0.6433749794960022
89,0.001085050986148417
90,0.23557808995246887
91,0.4766097366809845
92,0.735487699508667
93,0.0010615077335387468
94,0.9999887943267822
95,0.9995923638343811
96,0.4240236282348633
97,0.27530646324157715
98,0.33857858180999756
99,0.5253118276596069
100,0.11407501995563507
101,0.024797389283776283
102,0.12231417745351791
103,1.1508168427099008e-06
104,0.5528690218925476
105,0.30769219994544983
106,0.3377319276332855
107,0.5009467601776123
108,0.4987855553627014
109,0.9659260511398315
110,0.9999994039535522
111,0.9842970967292786
112,0.19597230851650238
113,0.9996339082717896
114,0.3463536202907562
115,0.0016746193869039416
116,1.0474757800693624e-05
117,0.1880623698234558
118,0.855332612991333
119,0.7918134331703186
120,0.15465636551380157
121,0.7703663110733032
122,0.13288435339927673
123,0.0821206122636795
124,0.0008773562731221318
125,0.11109300702810287
126,0.35072627663612366
127,0.40228140354156494
128,4.258203989593312e-05
129,0.06003648042678833
130,0.2538793087005615
131,0.9999997615814209
132,0.9364004135131836
133,0.004567173775285482
134,0.1030958741903305
135,0.014691004529595375
136,0.0010155607014894485
137,0.9988648891448975
138,0.0017360482597723603
139,0.6505721807479858
140,0.016446547582745552
141,0.060409169644117355
142,0.026698539033532143
143,1.0
144,0.021640719845891
145,0.0018856828100979328
146,0.9999992847442627
147,0.9126967787742615
148,0.10689373314380646
149,0.0001396805455442518
150,0.011161720380187035
151,0.9893235564231873
152,0.6088977456092834
153,0.00016284895536955446
154,1.498093297414016e-06
155,0.9946630001068115
156,0.1084827408194542
157,0.0007214153301902115
158,0.999854564666748
159,0.36781829595565796
160,0.43048253655433655
161,0.3464139699935913
162,0.020619891583919525
163,7.356425339821726e-05
164,0.9980422258377075
165,0.8033193945884705
166,0.33997616171836853
167,0.25036120414733887
168,5.721595880459063e-05
169,0.23097920417785645
170,0.8871890306472778
171,0.004273819271475077
172,0.005060317926108837
173,0.2262604683637619
174,6.604509690077975e-05
175,0.9999521970748901
176,0.9964268803596497
177,0.21266795694828033
178,0.9810365438461304
179,0.67452472448349
180,0.010727913118898869
181,0.9997711777687073
182,0.9493467211723328
183,0.8683370351791382
184,0.000227688520681113
185,0.0038985074497759342
186,3.2303412353940075e-06
187,3.932071922463365e-05
188,0.00010817078873515129
189,3.637807094492018e-05
190,0.9999998807907104
191,0.020084809511899948
192,0.46199139952659607
193,0.010722423903644085
194,9.54563802224584e-06
195,0.9999570846557617
196,0.023388763889670372
197,0.8211653232574463
198,1.3925908206147142e-05
199,0.12454907596111298
200,0.639828622341156
201,0.9956399202346802
202,0.7436656951904297
203,0.9090222120285034
204,0.9861214756965637
205,6.741657216480235e-06
206,0.0010840537725016475
207,0.7997840046882629
208,0.1671866476535797
209,0.968900740146637
210,0.024058625102043152
211,0.9800666570663452
212,0.9999958276748657
213,0.7519540190696716
214,0.7512911558151245
215,0.9869046807289124
216,0.044821325689554214
217,0.9560691118240356
218,0.00022491803974844515
219,0.8627510666847229
220,0.3594072163105011
221,0.0008281414629891515
222,0.9139687418937683
223,0.9998328685760498
224,8.68393978947779e-09
225,0.9820408821105957
226,0.9235581159591675
227,0.8051372766494751
228,0.4953123927116394
229,0.9028733372688293
230,9.785803740669508e-07
231,0.9165368676185608
232,0.22578215599060059
233,0.0012200071942061186
234,0.012847323901951313
235,0.9008659720420837
236,0.6822947263717651
237,0.010204247198998928
238,0.7021272778511047
239,0.4454025626182556
240,0.9221125245094299
241,0.3758651316165924
242,0.00468842638656497
243,0.068226657807827
244,0.30423280596733093
245,0.9988206028938293
246,0.38362735509872437
247,0.9999680519104004
248,0.045714911073446274
249,0.0012274635955691338
250,1.0
251,0.9999353885650635
252,0.006266382522881031
253,0.935978889465332
254,0.013255052268505096
255,0.6411380171775818
256,0.0007039878400973976
257,0.990995466709137
258,0.9347981214523315
259,0.2591307759284973
260,0.004196391440927982
261,0.00014477441436611116
262,0.9997830986976624
263,0.0032312802504748106
264,0.0006428248598240316
265,0.9932102560997009
266,0.0990472137928009
267,8.68393978947779e-09
268,0.01563575677573681
269,0.5842435359954834
270,0.927093505859375
271,0.9999984502792358
272,1.6380641909563565e-07
273,0.31707704067230225
274,0.037233490496873856
275,0.3564353585243225
276,0.03339041769504547
277,0.9982317090034485
278,0.11290472745895386
279,0.13056409358978271
280,0.7178246974945068
281,0.7075565457344055
282,0.9981359243392944
283,0.00011119736882392317
284,0.999957799911499
285,0.0003341594128869474
286,0.9972143769264221
287,0.00963294692337513
288,0.00023473620240110904
289,0.9995890259742737
290,0.0003798032703343779
291,0.2770630419254303
292,0.6565734148025513
293,0.12342986464500427
294,0.3089003562927246
295,0.00012550913379527628
296,0.9999997615814209
297,1.0
298,0.7103170156478882
299,0.989661455154419
300,2.2932058527658228e-06
301,0.11163821071386337
302,0.11350346356630325
303,2.009098125199671e-06
304,7.692733925068751e-05
305,0.5073971152305603
306,0.787192165851593
307,0.989566445350647
308,0.22329851984977722
309,0.0002028455346589908
310,0.04885135591030121
311,0.0021271745208650827
312,0.4151664972305298
313,0.9937747716903687
314,0.16111619770526886
315,0.751924991607666
316,0.1721505969762802
317,0.9936656355857849
318,0.15117543935775757
319,0.9999992847442627
320,0.052064668387174606
321,0.0019392375834286213
322,0.9999969005584717
323,0.00874088890850544
324,5.625871835945873e-06
325,0.45324987173080444
326,0.9999998807907104
327,0.999118983745575
328,0.9807681441307068
329,0.00016807546489872038
330,0.5054736733436584
331,0.3831941485404968
332,0.9060163497924805
333,0.9598920345306396
334,0.3130541443824768
335,0.7095513343811035
336,0.007632567547261715
337,0.9999432563781738
338,0.05540742725133896
339,0.061283279210329056
340,0.9976052045822144
341,0.021957777440547943
342,0.9486149549484253
343,0.7493381500244141
344,0.9389244318008423
345,0.0812327191233635
346,0.9790432453155518
347,0.09818658232688904
348,0.2025781273841858
349,0.997053861618042
350,0.999882698059082
351,0.006873767822980881
352,0.9917107820510864
353,0.003953889943659306
354,0.7323688864707947
355,0.00030674130539409816
356,0.9126482009887695
357,0.2510906457901001
358,0.891437828540802
359,0.016818683594465256
360,0.005317011848092079
361,0.23053647577762604
362,0.20854732394218445
363,0.9999998807907104
364,6.737569151482603e-07
365,0.9980350136756897
366,0.00683797849342227
367,0.057787228375673294
368,0.12457244098186493
369,0.9999710321426392
370,0.5770222544670105
371,0.9369410872459412
372,1.4793196896789595e-05
373,0.9796324372291565
374,0.7979956269264221
375,0.7972313165664673
376,0.004414899740368128
377,0.9078919291496277
378,0.013120603747665882
379,0.9941547513008118
380,0.00025509033002890646
381,0.9410247802734375
382,0.005843224935233593
383,0.9998632669448853
384,0.9999998807907104
385,0.9576705694198608
386,6.731121260372674e-08
387,0.10284844040870667
388,0.0035108879674226046
389,0.8515718579292297
390,0.046590760350227356
391,0.0065759518183767796
392,0.25876566767692566
393,0.0014278533635661006
394,0.999988317489624
395,0.18710795044898987
396,0.33906039595603943
397,0.0032833542209118605
398,0.004264802671968937
399,0.9949609041213989
400,0.9999934434890747
401,0.7383574843406677
402,0.08971187472343445
403,0.9999912977218628
404,3.6781533708563074e-05
405,0.021505245938897133
406,0.7672167420387268
407,0.1263059824705124
408,0.3392844498157501
409,8.322380722347589e-07
410,7.896233000792563e-06
411,0.9866194128990173
412,0.8618426322937012
413,0.9999918937683105
414,7.802458981132077e-07
415,0.022176750004291534
416,0.006032941862940788
417,0.9474220871925354
418,0.9999983310699463
419,0.07779784500598907
420,0.5308565497398376
421,0.9958236217498779
422,0.9999872446060181
423,0.999994158744812
424,0.9999998807907104
425,0.9036908745765686
426,0.6893451809883118
427,0.005983874201774597
428,0.024626635015010834
429,0.1637805998325348
430,0.2628636658191681
431,0.7596926689147949
432,0.03795908764004707
433,0.9999979734420776
434,0.006711577530950308
435,0.9961451292037964
436,0.8284450769424438
437,0.009798754006624222
438,0.9475486874580383
439,0.5222947001457214
440,0.0144133185967803
441,0.002493923297151923
442,0.42356225848197937
443,0.78948974609375
444,0.07572297751903534
445,0.9780543446540833
446,0.9857133626937866
447,1.3811247754347278e-06
448,0.006929975468665361
449,0.11736158281564713
450,0.999998927116394
451,0.005330788902938366
452,0.332340806722641
453,0.9933307766914368
454,1.9591503587435e-05
455,0.8265098333358765
456,0.8726529479026794
457,0.07141224294900894
458,5.287549811328063e-06
459,0.19534245133399963
460,0.9971768856048584
461,0.8189875483512878
462,0.0006159759941510856
463,0.9402889013290405
464,0.18608830869197845
465,0.007765958085656166
466,0.998837411403656
467,0.5682602524757385
468,1.4191252262207854e-07
469,0.0001316929265158251
470,0.4653020203113556
471,1.6632056940579787e-05
472,0.09894907474517822
473,0.9556640982627869
474,0.35883578658103943
475,0.9776997566223145
476,0.3687657117843628
477,0.01126349251717329
478,5.988787597743794e-05
479,0.9703561663627625
480,0.9999090433120728
481,0.9206973314285278
482,0.7573598027229309
483,0.9221066236495972
484,0.0009237833437509835
485,0.9999916553497314
486,0.9830744862556458
487,0.6589411497116089
488,0.2206684947013855
489,0.8031204342842102
490,0.9997971653938293
491,0.7455463409423828
492,0.7123385071754456
493,0.00029895323677919805
494,3.954547537432518e-06
495,0.2608391344547272
496,0.2760564684867859
497,0.7944430112838745
498,0.9999390840530396
499,0.6937212944030762
500,0.4135458767414093
501,0.9205418825149536
502,3.356610977789387e-05
503,0.9999967813491821
504,0.004293476231396198
505,3.477387872408144e-05
506,0.08972369879484177
507,0.9993352293968201
508,0.9648662805557251
509,0.999113142490387
510,0.7729754447937012
511,0.0003358319809194654
512,8.261398761533201e-05
513,0.8776915669441223
514,0.5773258209228516
515,0.7825274467468262
516,0.9999376535415649
517,0.9999997615814209
518,0.9496600031852722
519,0.0008745797676965594
520,0.0071275136433541775
521,0.05401530861854553
522,0.9669104814529419
523,1.0
524,0.16707421839237213
525,0.0402318499982357
526,0.0003108543169219047
527,0.5817667245864868
528,0.9741492867469788
529,0.1404818296432495
530,8.713288116268814e-05
531,0.9547893404960632
532,0.7909517288208008
533,0.00014593896048609167
534,0.4319157898426056
535,0.0004106996930204332
536,0.03008859232068062
537,0.0009240949875675142
538,0.00400737626478076
539,9.234236495103687e-05
540,0.9999630451202393
541,0.000897719117347151
542,0.9995197057723999
543,0.05069083347916603
544,0.4592576324939728
545,0.9999845027923584
546,0.021129118278622627
547,0.7339502573013306
548,0.0008994185482151806
549,0.16948211193084717
550,0.0001270728389499709
551,0.17256289720535278
552,0.7558697462081909
553,0.37880587577819824
554,0.008194302208721638
555,0.9877644181251526
556,0.007335208356380463
557,0.9999994039535522
558,0.832636833190918
559,0.9998928308486938
560,0.9803682565689087
561,0.0003961405309382826
562,0.001375375548377633
563,0.005701555870473385
564,1.2604709809238557e-05
565,0.9980407357215881
566,0.02851487323641777
567,0.7961131930351257
568,0.15422861278057098
569,0.011455965228378773
570,6.247836427064613e-05
571,0.49801430106163025
572,0.9348626136779785
573,0.003110328456386924
574,0.9639537334442139
575,0.876392662525177
576,0.3762521743774414
577,0.7747207283973694
578,0.0017180165741592646
579,5.56150553165935e-06
580,0.5529299378395081
581,0.9989686012268066
582,0.9997538924217224
583,0.0030634254217147827
584,0.47305819392204285
585,0.9924696087837219
586,0.02899092435836792
587,0.037381611764431
588,0.7142334580421448
589,0.1341407746076584
590,0.8579972386360168
591,0.9992730021476746
592,0.0018158747116103768
593,0.9967905879020691
594,0.9850580096244812
595,0.7804211974143982
596,0.40340158343315125
597,1.1862309293064754e-05
598,0.5881909132003784
599,0.00019087304826825857
600,0.3403438329696655
601,0.15458104014396667
602,0.19755691289901733
603,0.2444402128458023
604,0.07036203145980835
605,0.00016203730774577707
606,0.5774077773094177
607,0.020373454317450523
608,0.5794988870620728
609,0.04955941438674927
610,0.9003766775131226
611,0.011653506197035313
612,0.20117081701755524
613,1.8309719962417148e-07
614,6.976903387112543e-05
615,0.0056011006236076355
616,0.19272424280643463
617,0.9859885573387146
618,0.8125627636909485
619,0.08097834140062332
620,0.9993476271629333
621,0.03201529011130333
622,0.00015819197869859636
623,3.6831130273640156e-05
624,0.09819605201482773
625,0.9997523427009583
626,0.9967478513717651
627,0.00012945974594913423
628,0.9297733902931213
629,0.9994282126426697
630,0.9999920129776001
631,0.9638309478759766
632,0.9986735582351685
633,0.9970267415046692
634,0.00845534447580576
635,0.9862461090087891
636,0.0929049625992775
637,0.9983046054840088
638,0.0020667179487645626
639,0.05469399318099022
640,0.22312448918819427
641,0.6871675848960876
642,0.18372133374214172
643,0.9152392745018005
644,0.9998735189437866
645,0.03323357179760933
646,0.9885112047195435
647,0.0002116495161317289
648,0.0877494066953659
649,0.17946331202983856
650,0.9999998807907104
651,0.9501552581787109
652,0.9995286464691162
653,0.0028476149309426546
654,0.9997342228889465
655,0.995535135269165
656,0.7585213780403137
657,0.9999983310699463
658,0.9288220405578613
659,0.11890941113233566
660,0.03717704117298126
661,0.9998733997344971
662,0.011362329125404358
663,6.777447936201497e-08
664,0.08649155497550964
665,0.013421498239040375
666,0.02472713403403759
667,0.8544942736625671
668,0.33560994267463684
669,0.9999994039535522
670,0.9964039325714111
671,0.0003792932548094541
672,5.14530120199197e-06
673,0.00012953901023138314
674,0.0015055069234222174
675,0.8793374300003052
676,0.30570173263549805
677,0.06701945513486862
678,8.134383097058162e-05
679,0.8787017464637756
680,0.2920875549316406
681,0.9047866463661194
682,0.0017749597318470478
683,0.07031728327274323
684,0.0008098231046460569
685,0.9904173612594604
686,0.8444195985794067
687,0.13662870228290558
688,0.9875392913818359
689,0.38882434368133545
690,0.6384194493293762
691,0.38282954692840576
692,0.5937759876251221
693,0.1529063880443573
694,0.500163197517395
695,0.9999996423721313
696,0.00869987066835165
697,0.0896603912115097
698,5.2539846251420386e-08
699,7.316093979170546e-05
700,0.7884224057197571
701,0.00424211286008358
702,3.233722964068875e-05
703,0.0008385137189179659
704,0.0024458360858261585
705,0.9997285008430481
706,0.9993102550506592
707,0.20197537541389465
708,1.0
709,0.43206027150154114
710,0.8617042303085327
711,0.07579325139522552
712,0.9999974966049194
713,0.999997615814209
714,0.0051853894256055355
715,1.0
716,0.9817572236061096
717,9.127386874752119e-05
718,0.9999934434890747
719,0.8371128439903259
720,4.0069213014248817e-07
721,0.22967758774757385
722,0.05099024623632431
723,0.04742323234677315
724,0.928114116191864
725,0.9998794794082642
726,1.3263665721297002e-09
727,0.9999935626983643
728,0.005470828618854284
729,0.0004350419039838016
730,0.9718164801597595
731,0.536446213722229
732,0.9338862299919128
733,0.0002092368813464418
734,0.003689433215186
735,0.9999924898147583
736,0.9278020262718201
737,3.7049585621673486e-10
738,0.9999945163726807
739,0.20459125936031342
740,0.8358330130577087
741,0.9991050362586975
742,0.9477450251579285
743,0.2170025259256363
744,0.0533391535282135
745,0.674985945224762
746,0.9975584745407104
747,0.9411298036575317
748,0.07085063308477402
749,0.017765948548913002
750,0.9987767338752747
751,0.9099889993667603
752,0.9999948740005493
753,0.9991573095321655
754,0.0020747920498251915
755,0.002019525272771716
756,0.024929692968726158
757,0.9861241579055786
758,1.5482488606721745e-06
759,0.0341293029487133
760,0.15730485320091248
761,0.933295488357544
762,0.03925707936286926
763,0.12392869591712952
764,0.004155069589614868
765,0.9997507929801941
766,0.8471461534500122
767,0.999984622001648
768,0.43806514143943787
769,0.8766667246818542
770,0.23112614452838898
771,0.9973419308662415
772,0.2969333231449127
773,0.026421163231134415
774,0.25606411695480347
775,0.00609247200191021
776,0.0006984866340644658
777,0.967275857925415
778,0.0031840375158935785
779,1.0
780,1.0
781,0.886757493019104
782,0.8935394287109375
783,0.9998496770858765
784,0.9070217609405518
785,0.0002299978514201939
786,0.9998924732208252
787,1.0771838105938514e-06
788,0.9431144595146179
789,0.9987767338752747
790,0.9992795586585999
791,1.0
792,0.8711106181144714
793,0.995320737361908
794,0.703075110912323
795,0.0007554934709332883
796,0.011867153458297253
797,0.7679142951965332
798,0.3853766918182373
799,0.8932689428329468
800,0.9935991764068604
801,0.0003555190924089402
802,0.019320331513881683
803,0.22838973999023438
804,0.00023367529502138495
805,0.9999982118606567
806,0.9892569184303284
807,0.9999992847442627
808,0.9253678917884827
809,0.5669541954994202
810,0.9689711332321167
811,0.000682741345372051
812,0.9986683130264282
813,0.00036937420372851193
814,0.5893843173980713
815,0.995550274848938
816,0.1784370392560959
817,0.003042501863092184
818,0.9912063479423523
819,0.9812237024307251
820,0.13069888949394226
821,1.0
822,0.2626308500766754
823,0.9995355606079102
824,0.0028394123073667288
825,7.976710548973642e-06
826,0.9999756813049316
827,0.002840141300112009
828,0.4814741909503937
829,0.16085505485534668
830,0.015103990212082863
831,0.0031415352132171392
832,0.9727658033370972
833,0.999903678894043
834,0.999495267868042
835,0.9999605417251587
836,0.003822694532573223
837,0.9128824472427368
838,0.010709770955145359
839,0.996240496635437
840,1.7979265976464376e-05
841,0.00015255434846039861
842,0.9541650414466858
843,0.7237673997879028
844,0.7319784760475159
845,0.9999995231628418
846,0.9912788271903992
847,0.015667229890823364
848,0.9999493360519409
849,0.17022675275802612
850,0.525987982749939
851,0.8810905814170837
852,0.30912208557128906
853,0.19458235800266266
854,0.9697997570037842
855,0.006243247538805008
856,0.05954505503177643
857,0.9666715860366821
858,0.09046526998281479
859,2.5734219889272936e-05
860,0.11515248566865921
861,0.8793849945068359
862,0.7470482587814331
863,0.29622626304626465
864,0.9954578876495361
865,0.9988996982574463
866,0.7066642642021179
867,4.872712815995328e-05
868,0.9174532294273376
869,0.9305218458175659
870,0.999998927116394
871,0.9932277798652649
872,0.41655802726745605
873,0.20983022451400757
874,0.9686092138290405
875,0.9850224852561951
876,0.9999997615814209
877,0.02522050030529499
878,0.24033908545970917
879,0.00879086833447218
880,1.3490909623214975e-05
881,0.6622354388237
882,0.997122585773468
883,0.8326514959335327
884,0.9998130202293396
885,0.9361958503723145
886,0.340432733297348
887,0.9999867677688599
888,0.62076735496521
889,0.0002127528132405132
890,0.253303200006485
891,0.040763866156339645
892,0.37775737047195435
893,0.9994184970855713
894,0.03505793213844299
895,0.16442756354808807
896,0.12411727756261826
897,0.8722574710845947
898,4.99446687172167e-05
899,0.999972939491272
900,0.9667730927467346
901,0.4216027855873108
902,0.005613519344478846
903,1.0
904,0.9994694590568542
905,0.9957660436630249
906,0.0035160763654857874
907,0.9991567134857178
908,0.9986943602561951
909,0.3343244791030884
910,4.48824089005484e-08
911,0.011243950575590134
912,0.9395914673805237
913,0.9999977350234985
914,0.9395301342010498
915,0.638224184513092
916,0.13075225055217743
917,0.0014861347153782845
918,0.9553773999214172
919,0.6447271704673767
920,3.926994395442307e-05
921,0.004540513269603252
922,0.28622493147850037
923,1.0
924,0.9206889867782593
925,2.760050499261979e-08
926,0.00472137751057744
927,2.1366580767789856e-05
928,0.24337275326251984
929,0.00024985018535517156
930,0.9995195865631104
931,0.0004426205705385655
932,0.002045748522505164
933,0.017788462340831757
934,0.3958248198032379
935,0.9894263744354248
936,0.17274995148181915
937,0.986623227596283
938,1.0990056580340024e-06
939,0.1754966676235199
940,1.0
941,0.015771720558404922
942,3.904186451109126e-05
943,4.482545773498714e-05
944,0.33764058351516724
945,0.1283137947320938
946,0.0016149638686329126
947,0.2751292884349823
948,1.8505701518733986e-05
949,0.9994957447052002
950,0.9956138134002686
951,0.0001592213084222749
952,0.0008394166943617165
953,0.9852520227432251
954,0.36458921432495117
955,0.9941620230674744
956,0.01871028169989586
957,0.08906865864992142
958,0.9997994303703308
959,0.20728328824043274
960,0.6057772040367126
961,0.0011612395755946636
962,0.30526846647262573
963,0.9758175611495972
964,0.03194264695048332
965,4.293634447094519e-06
966,0.9969059824943542
967,1.435516696801642e-05
968,0.8932367563247681
969,0.026740046218037605
970,1.0
971,0.9751772284507751
972,0.15832006931304932
973,0.0002395289920968935
974,0.09026669710874557
975,0.9223414659500122
976,0.4530482590198517
977,0.6566998958587646
978,1.9787723431363702e-05
979,0.9955046772956848
980,0.9762029647827148
981,0.9998220801353455
982,0.6629127264022827
983,0.9966453909873962
984,0.9973784685134888
985,0.001229558722116053
986,0.000580106396228075
987,0.059408728033304214
988,0.9193004369735718
989,0.011135632172226906
990,0.02163633704185486
991,0.281193345785141
992,0.8895629644393921
993,0.3588287830352783
994,0.007032756227999926
995,0.21723739802837372
996,0.03774118423461914
997,0.9963573813438416
998,0.02746734209358692
999,0.4671734869480133
1000,0.9050889611244202
1001,0.9262901544570923
1002,0.7399901151657104
1003,0.9815888404846191
1004,0.9978475570678711
1005,0.00016576827329117805
1006,0.989905059337616
1007,0.9999005794525146
1008,0.015315154567360878
1009,0.9619643092155457
1010,0.9204970002174377
1011,0.0008632799726910889
1012,0.31913498044013977
1013,0.0017903585685417056
1014,0.9999629259109497
1015,1.7104517837651656e-06
1016,0.9956056475639343
1017,0.1181594654917717
1018,0.9977779984474182
1019,0.9742534756660461
1020,0.0047269403003156185
1021,0.02266673371195793
1022,0.6695004105567932
1023,4.727258328784956e-06
1024,0.8489699959754944
1025,0.018527859821915627
1026,0.08322286605834961
1027,0.0470578633248806
1028,0.060668207705020905
1029,0.00032515425118617713
1030,0.19745169579982758
1031,0.1666303128004074
1032,0.8946459889411926
1033,0.035561565309762955
1034,0.9999997615814209
1035,7.545772405137541e-06
1036,0.0039568315260112286
1037,0.18112286925315857
1038,0.941543459892273
1039,7.126987497940718e-07
1040,0.9999974966049194
1041,0.005595737602561712
1042,0.30863213539123535
1043,0.00014852984168101102
1044,0.01120262872427702
1045,0.4870004951953888
1046,0.871333658695221
1047,0.017421184107661247
1048,0.999997615814209
1049,0.0042785522527992725
1050,0.03858672454953194
1051,0.9405423402786255
1052,0.9998302459716797
1053,0.7662239074707031
1054,0.5662967562675476
1055,0.0914880558848381
1056,0.999998927116394
1057,0.984801709651947
1058,0.5498431921005249
1059,0.9082284569740295
1060,0.005237405188381672
1061,6.240691990955227e-11
1062,0.013798745349049568
1063,0.0036584173794835806
1064,0.7596315145492554
1065,0.01193469762802124
1066,0.9999537467956543
1067,0.5848428606987
1068,0.9950696229934692
1069,0.12189441919326782
1070,0.9999997615814209
1071,0.0003319934767205268
1072,0.06827503442764282
1073,0.00011560418352019042
1074,0.9911008477210999
1075,0.999982476234436
1076,0.00396125391125679
1077,0.9448558688163757
1078,0.003035834524780512
1079,0.8736374378204346
1080,0.9659584164619446
1081,0.9996328353881836
1082,0.9886970520019531
1083,0.9999991655349731
1084,0.06243099644780159
1085,0.04683977738022804
1086,0.9997435212135315
1087,0.09883296489715576
1088,0.07997269928455353
1089,0.9999945163726807
1090,0.6420518755912781
1091,0.9494175314903259
1092,0.9297516345977783
1093,0.9265705943107605
1094,0.9958770275115967
1095,0.9469858407974243
1096,0.8669349551200867
1097,0.02316882833838463
1098,0.0032204510644078255
1099,0.0002764592645689845
1100,0.0005409342120401561
1101,0.49221155047416687
1102,0.007706323638558388
1103,3.000101241923403e-05
1104,0.05771409347653389
1105,0.9997950196266174
1106,0.006332434248179197
1107,6.771353218937293e-05
1108,0.6415430903434753
1109,0.5203343033790588
1110,0.00046917679719626904
1111,0.6395032405853271
1112,0.00467050401493907
1113,0.0013974859612062573
1114,0.9998774528503418
1115,0.9938579201698303
1116,0.8820327520370483
1117,0.006929484196007252
1118,0.0030817503575235605
1119,0.0003161263302899897
1120,0.014851010404527187
1121,0.9997528195381165
1122,0.9973042011260986
1123,0.0011604041792452335
1124,0.2490447610616684
1125,0.0005253396811895072
1126,0.0014865358825773
1127,0.007060167379677296
1128,0.004622520878911018
1129,0.3345990478992462
1130,0.7166731953620911
1131,0.2267703115940094
1132,0.23504874110221863
1133,1.0176663636229932e-05
1134,0.25356680154800415
1135,0.01723230816423893
1136,0.9987026453018188
1137,0.01801898516714573
1138,0.022143006324768066
1139,0.8833156824111938
1140,7.053467015794013e-06
1141,0.0362556092441082
1142,0.00026997909299097955
1143,0.17664077877998352
1144,0.9999810457229614
1145,1.0
1146,0.9993928670883179
1147,0.9999998807907104
1148,0.0006701722159050405
1149,0.9993253946304321
1150,0.0706041231751442
1151,0.9996933937072754
1152,0.24247916042804718
1153,1.862911813077517e-05
1154,0.9034619331359863
1155,0.9640725255012512
1156,0.5400034189224243
1157,0.9860327839851379
1158,0.9999722242355347
1159,0.1470695436000824
1160,0.008588642813265324
1161,0.2278563678264618
1162,0.8546814918518066
1163,0.04913724958896637
1164,0.0010271950159221888
1165,0.03880598023533821
1166,0.9992713332176208
1167,0.6514167189598083
1168,0.053109701722860336
1169,0.9662766456604004
1170,0.9993550181388855
1171,0.9895257949829102
1172,0.06450255215167999
1173,0.7835851311683655
1174,0.9998202919960022
1175,0.9999995231628418
1176,5.206901550991461e-05
1177,0.15242058038711548
1178,0.050050657242536545
1179,0.9999648332595825
1180,0.998971700668335
1181,0.00016091225552372634
1182,1.0
1183,0.06598332524299622
1184,0.989551842212677
1185,0.00020125422452110797
1186,0.999774158000946
1187,0.002999841468408704
1188,0.015715042129158974
1189,0.951915979385376
1190,0.45739203691482544
1191,0.9999814033508301
1192,0.04091543331742287
1193,0.0020911560859531164
1194,0.022891279309988022
1195,0.8855597376823425
1196,0.03424066677689552
1197,0.8393455147743225
1198,0.06986157596111298
1199,0.013125082477927208
1200,0.9999992847442627
1201,0.9954376816749573
1202,0.4653099775314331
1203,0.025689221918582916
1204,0.022818751633167267
1205,0.9382370710372925
1206,0.010842908173799515
1207,0.408860445022583
1208,0.007895834743976593
1209,0.08996307104825974
1210,0.44028371572494507
1211,0.9362947344779968
1212,0.004698085132986307
1213,2.2530013410460015e-08
1214,0.9948961138725281
1215,0.9698923826217651
1216,0.9958413243293762
1217,0.002380375750362873
1218,0.9973681569099426
1219,0.06876549869775772
1220,0.0011508144671097398
1221,0.35270529985427856
1222,0.11039797961711884
1223,0.997102677822113
1224,0.9999908208847046
1225,0.20215874910354614
1226,0.02573840506374836
1227,0.9999940395355225
1228,0.022899014875292778
1229,0.008391818962991238
1230,0.0008343025692738593
1231,0.9962932467460632
1232,0.9856241941452026
1233,0.0003005129110533744
1234,0.047085002064704895
1235,1.0
1236,0.9997329115867615
1237,0.9989929795265198
1238,0.6452105641365051
1239,0.028655724599957466
1240,0.001644726493395865
1241,0.9991776347160339
1242,0.9999943971633911
1243,0.8716039061546326
1244,0.0029706626664847136
1245,0.5391900539398193
1246,0.0003576271701604128
1247,0.40852874517440796
1248,0.9479061365127563
1249,0.0002557795378379524
1250,0.9996973276138306
1251,0.9494412541389465
1252,0.000207656659767963
1253,0.32512012124061584
1254,0.00011435594205977395
1255,0.03563113510608673
1256,0.26641181111335754
1257,0.34321531653404236
1258,0.011896959505975246
1259,0.0001239344128407538
1260,0.001052196603268385
1261,0.9878275394439697
1262,0.03333493322134018
1263,0.12911179661750793
1264,0.1515798419713974
1265,0.12389232218265533
1266,0.02756195329129696
1267,0.9956782460212708
1268,0.11587273329496384
1269,0.9172664284706116
1270,0.28035199642181396
1271,0.999942421913147
1272,0.99379563331604
1273,0.9854108095169067
1274,0.009738936088979244
1275,0.6737664937973022
1276,0.9725034832954407
1277,4.339453516877256e-05
1278,0.05551183968782425
1279,0.8128604292869568
1280,0.9843952655792236
1281,0.00031893164850771427
1282,0.39341244101524353
1283,0.9593747854232788
1284,0.1450168341398239
1285,5.719757609767839e-05
1286,0.43163707852363586
1287,0.25598806142807007
1288,0.05273788422346115
1289,0.9999651908874512
1290,0.9999291896820068
1291,0.20714662969112396
1292,0.04920611530542374
1293,3.893337270710617e-05
1294,0.9998829364776611
1295,0.29524752497673035
1296,0.02052825689315796
1297,0.03455845266580582
1298,4.054478779380588e-07
1299,0.08977657556533813
1300,0.02610638737678528
1301,1.0
1302,2.0957337255822495e-05
1303,0.0002894957724492997
1304,0.7330109477043152
1305,0.06081260368227959
1306,0.9999200105667114
1307,0.08156520128250122
1308,0.09802424907684326
1309,0.3123369514942169
1310,0.001706624054349959
1311,0.16736847162246704
1312,0.7439237236976624
1313,0.991078794002533
1314,0.9404891133308411
1315,0.9874611496925354
1316,0.00015835782687645406
1317,0.5301706194877625
1318,0.9991263747215271
1319,0.03949962183833122
1320,0.9075287580490112
1321,0.0511988028883934
1322,0.01026203203946352
1323,0.743503212928772
1324,0.0014078906970098615
1325,0.2697911262512207
1326,0.008296186104416847
1327,0.8916870951652527
1328,0.9993594288825989
1329,0.04590374603867531
1330,0.6323432922363281
1331,0.26800575852394104
1332,0.9995890259742737
1333,0.22990505397319794
1334,0.5913082361221313
1335,0.0182837825268507
1336,0.03307454660534859
1337,0.011220072396099567
1338,0.9880303740501404
1339,0.0007778554572723806
1340,0.862373948097229
1341,0.12528330087661743
1342,0.9998773336410522
1343,0.9793618321418762
1344,0.47695666551589966
1345,0.007127081975340843
1346,0.03033066913485527
1347,0.0002798126661218703
1348,0.3999817967414856
1349,0.03814500570297241
1350,0.989840567111969
1351,0.999809205532074
1352,0.9984941482543945
1353,0.9890913367271423
1354,0.00024974060943350196
1355,0.006815402768552303
1356,0.9905380010604858
1357,0.25405243039131165
1358,0.6860748529434204
1359,0.008889556862413883
1360,0.9982523322105408
1361,0.016601819545030594
1362,0.23239949345588684
1363,0.11654206365346909
1364,0.921293318271637
1365,0.33475905656814575
1366,0.9987415671348572
1367,0.9997656941413879
1368,0.0009239364298991859
1369,0.9952085614204407
1370,0.1305275708436966
1371,0.009834920056164265
1372,0.9999890327453613
1373,0.9951481223106384
1374,0.00845919456332922
1375,0.0019593783654272556
1376,1.0
1377,0.997277557849884
1378,0.9265018701553345
1379,2.13926114156493e-06
1380,0.033680811524391174
1381,0.6665563583374023
1382,0.9999065399169922
1383,0.9870246648788452
1384,0.899419903755188
1385,0.15310636162757874
1386,0.9668295979499817
1387,0.9994800686836243
1388,4.7465707098126586e-07
1389,0.9999284744262695
1390,0.006199155934154987
1391,0.35168716311454773
1392,0.08810126036405563
1393,0.9942055344581604
1394,0.0038497198838740587
1395,0.9988569021224976
1396,0.021696144714951515
1397,0.007251115050166845
1398,0.005024180747568607
1399,0.9999990463256836
1400,0.8740877509117126
1401,0.9706181287765503
1402,0.9111837148666382
1403,0.0011292396811768413
1404,0.43087655305862427
1405,0.9967579245567322
1406,0.002388387219980359
1407,0.007083735894411802
1408,0.019614608958363533
1409,0.08002625405788422
1410,0.0005156410043127835
1411,0.8098882436752319
1412,0.0571344830095768
1413,0.9816604852676392
1414,0.7535297274589539
1415,0.00038698757998645306
1416,0.24373194575309753
1417,9.615797171136364e-05
1418,0.00028830612427555025
1419,0.9312478303909302
1420,0.8591232895851135
1421,0.8994107246398926
1422,0.12463898211717606
1423,0.0841163694858551
1424,0.9998373985290527
1425,0.0030805421993136406
1426,0.029907798394560814
1427,0.999988317489624
1428,0.9517949819564819
1429,0.9763547778129578
1430,0.16215260326862335
1431,0.9933388829231262
1432,0.999998927116394
1433,0.5516322255134583
1434,0.9999308586120605
1435,0.14835971593856812
1436,0.9685100317001343
1437,0.9998478889465332
1438,0.5807849168777466
1439,0.24641574919223785
1440,0.9531382918357849
1441,1.1906890051704977e-07
1442,0.9602617025375366
1443,0.0014734670985490084
1444,0.6590723395347595
1445,0.8939279913902283
1446,0.569501519203186
1447,0.07547976821660995
1448,0.14224004745483398
1449,0.9999840259552002
1450,0.13425587117671967
1451,0.7901105284690857
1452,0.9575127363204956
1453,0.0002415451017441228
1454,0.005588376894593239
1455,0.006055805366486311
1456,0.08414309471845627
1457,0.9989550113677979
1458,0.15548934042453766
1459,0.012695610523223877
1460,0.02662801183760166
1461,0.0025906122755259275
1462,0.7208389639854431
1463,5.1829320000251755e-06
1464,0.0007571533787995577
1465,0.0019631381146609783
1466,0.8281635046005249
1467,0.002359276870265603
1468,0.9995651841163635
1469,0.9940404295921326
1470,0.9999747276306152
1471,0.9999995231628418
1472,9.351046901429072e-05
1473,0.011864581145346165
1474,0.0020861984230577946
1475,0.01302303932607174
1476,0.9933891296386719
1477,0.9432705640792847
1478,2.23289276846117e-07
1479,0.00018022122094407678
1480,0.0016062794020399451
1481,0.9905136823654175
1482,0.02034168131649494
1483,0.992171049118042
1484,2.936091914307326e-05
1485,0.11874193698167801
1486,0.7825173735618591
1487,0.982262372970581
1488,3.1584666430717334e-05
1489,0.09031111747026443
1490,7.376692337857094e-06
1491,0.0058809565380215645
1492,0.833648681640625
1493,0.9960883855819702
1494,0.8998520374298096
1495,0.750556468963623
1496,0.3231089115142822
1497,0.9994981288909912
1498,0.9054697751998901
1499,0.00013935170136392117
1500,0.004702800884842873
1501,0.9989066123962402
1502,0.0031038771849125624
1503,1.2254490755481129e-09
1504,0.3515361547470093
1505,0.0002435322239762172
1506,0.9911248087882996
1507,0.01657574251294136
1508,1.0
1509,0.9994691014289856
1510,0.014446997083723545
1511,0.0008497621165588498
1512,0.9516187906265259
1513,0.01626633293926716
1514,0.11019569635391235
1515,0.15433615446090698
1516,1.0
1517,0.9522477984428406
1518,8.601911183347966e-09
1519,0.9945152401924133
1520,0.0002150299696950242
1521,0.00593106122687459
1522,0.00045197666622698307
1523,0.0037877524737268686
1524,0.049062199890613556
1525,0.9842450022697449
1526,0.6936399340629578
1527,0.004294483456760645
1528,4.898364932159893e-05
1529,0.902594268321991
1530,0.9998383522033691
1531,0.9888888001441956
1532,0.6937691569328308
1533,0.33113640546798706
1534,0.5615307688713074
1535,6.022750767442631e-06
1536,0.9999942779541016
1537,0.7537592649459839
1538,0.9614681601524353
1539,0.016568182036280632
1540,5.453440508063068e-07
1541,0.9997785687446594
1542,0.9606845378875732
1543,0.00930854957550764
1544,0.6467635035514832
1545,0.005362770054489374
1546,0.7919571399688721
1547,0.44252753257751465
1548,0.3577685058116913
1549,0.9999527931213379
1550,0.1576234996318817
1551,0.0013083582744002342
1552,0.9896119236946106
1553,0.9719238877296448
1554,0.9999964237213135
1555,0.0073233298026025295
1556,0.3700260519981384
1557,0.8951841592788696
1558,0.015821153298020363
1559,0.013964734971523285
1560,0.5361233949661255
1561,0.007912680506706238
1562,0.031308386474847794
1563,0.2366640716791153
1564,0.9998980760574341
1565,0.7230898141860962
1566,0.8759195804595947
1567,0.0062747676856815815
1568,0.29411399364471436
1569,0.5999390482902527
1570,0.1208493560552597
1571,0.3177146017551422
1572,0.07531127333641052
1573,0.9966063499450684
1574,0.9997416138648987
1575,0.9997788071632385
1576,0.9357020258903503
1577,0.9999399185180664
1578,0.0008210556698031723
1579,0.12215520441532135
1580,0.656394362449646
1581,0.9999972581863403
1582,2.551841475906258e-07
1583,0.007612281944602728
1584,0.014258873648941517
1585,0.18722352385520935
1586,0.1198515072464943
1587,0.9578026533126831
1588,0.0005252367700450122
1589,0.0019859345629811287
1590,0.9999361038208008
1591,0.9995995163917542
1592,0.010167526081204414
1593,0.03067890554666519
1594,0.28814974427223206
1595,0.0019621853716671467
1596,0.007931230589747429
1597,0.005607829429209232
1598,0.8152963519096375
1599,0.9999010562896729
1600,0.9999998807907104
1601,0.0014257425209507346
1602,0.9865444302558899
1603,0.9621074199676514
1604,0.3333354890346527
1605,0.35982006788253784
1606,3.560623008524999e-05
1607,0.0015053435927256942
1608,0.0016738990088924766
1609,0.05684245005249977
1610,0.19496090710163116
1611,3.882203600369394e-05
1612,0.9826433062553406
1613,3.6631189459512825e-07
1614,0.010111288167536259
1615,0.10997936129570007
1616,0.09094507247209549
1617,0.9457581639289856
1618,0.019185008481144905
1619,0.33589547872543335
1620,0.9999959468841553
1621,0.9992340803146362
1622,0.07083860039710999
1623,0.8720744252204895
1624,0.044263459742069244
1625,0.9993422627449036
1626,1.278569925489137e-06
1627,0.002599986968562007
1628,0.9969574213027954
1629,0.9998076558113098
1630,0.962833821773529
1631,0.9572815895080566
1632,0.9379454255104065
1633,0.1652795374393463
1634,0.6529509425163269
1635,0.030661363154649734
1636,0.34742775559425354
1637,0.9994677901268005
1638,0.8053483366966248
1639,0.9534444212913513
1640,0.19777412712574005
1641,0.00036970365908928216
1642,0.7768248915672302
1643,0.9997829794883728
1644,0.987673819065094
1645,0.9114956855773926
1646,0.6371164917945862
1647,0.0391867570579052
1648,0.001497943652793765
1649,0.1012246310710907
1650,0.007207085378468037
1651,0.0051140375435352325
1652,0.9957025647163391
1653,0.9283962845802307
1654,0.9393205642700195
1655,0.08054301887750626
1656,0.008692512288689613
1657,0.0004777352442033589
1658,0.9998416900634766
1659,0.4150725305080414
1660,0.00021213277068454772
1661,0.0067320032976567745
1662,0.9997588992118835
1663,0.00016163224063348025
1664,5.151022719473985e-07
1665,0.0923069566488266
1666,0.00010668879986042157
1667,0.9999994039535522
1668,0.21938887238502502
1669,0.9966927766799927
1670,0.00042248188401572406
1671,0.007023737765848637
1672,0.9528343677520752
1673,0.11967165768146515
1674,0.015533268451690674
1675,0.10051865875720978
1676,0.9998076558113098
1677,0.9734048247337341
1678,0.8575974106788635
1679,0.000728128885384649
1680,0.007953442633152008
1681,0.012799577787518501
1682,0.9942308664321899
1683,0.30695563554763794
1684,0.1938798874616623
1685,0.9610546827316284
1686,0.010307205840945244
1687,0.9961203336715698
1688,0.7606505155563354
1689,0.8348382711410522
1690,0.9690434336662292
1691,0.02243911474943161
1692,0.08482546359300613
1693,0.9935349225997925
1694,0.004315693862736225
1695,0.47736862301826477
1696,0.4849463105201721
1697,0.4442206025123596
1698,0.04473342373967171
1699,0.9902439713478088
1700,1.021333133621738e-07
1701,0.9856172204017639
1702,0.7111573219299316
1703,0.9394532442092896
1704,0.9999992847442627
1705,0.9999926090240479
1706,0.9995538592338562
1707,0.5025873184204102
1708,0.0014184361789375544
1709,0.03111988678574562
1710,0.00018937168351840228
1711,0.9072969555854797
1712,0.5711361765861511
1713,0.033940643072128296
1714,0.011633146554231644
1715,0.4692738652229309
1716,0.7323691248893738
1717,0.9716811776161194
1718,0.03593966364860535
1719,0.9711297154426575
1720,0.9345961809158325
1721,0.00018405359878670424
1722,0.9888098835945129
1723,0.0002370371948927641
1724,0.09827207028865814
1725,0.9912331700325012
1726,0.9968480467796326
1727,0.9928333759307861
1728,0.04180827736854553
1729,0.0028156035114079714
1730,0.9999712705612183
1731,0.25057289004325867
1732,1.0
1733,1.0
1734,0.0024953114334493876
1735,0.048447445034980774
1736,0.01695428602397442
1737,0.9999634027481079
1738,9.904839680530131e-05
1739,0.02336687222123146
1740,0.00014598306734114885
1741,0.1073097437620163
1742,0.8192593455314636
1743,0.7441518306732178
1744,0.6662296056747437
1745,0.010496051982045174
1746,0.9999129772186279
1747,0.10027245432138443
1748,0.6119630336761475
1749,0.03065378963947296
1750,0.12615351378917694
1751,0.8769310712814331
1752,0.008387787267565727
1753,0.02851550653576851
1754,0.05526186525821686
1755,0.9950087070465088
1756,0.129167839884758
1757,0.23546098172664642
1758,0.3448632061481476
1759,1.0
1760,3.734941128641367e-05
1761,0.14902158081531525
1762,0.43511343002319336
1763,0.01367439515888691
1764,0.8539075255393982
1765,0.0018269324209541082
1766,0.9776087999343872
1767,0.9992372989654541
1768,0.0006257256027311087
1769,0.9986780285835266
1770,0.9109917879104614
1771,0.9811408519744873
1772,0.5611953139305115
1773,0.9999963045120239
1774,0.0006239491631276906
1775,0.00038006098475307226
1776,1.0
1777,0.21715176105499268
1778,0.03125283122062683
1779,6.6686807187466e-09
1780,0.02455206587910652
1781,0.9999990463256836
1782,0.9999473094940186
1783,0.0005349972052499652
1784,0.3586629629135132
1785,0.004436227958649397
1786,0.000809289631433785
1787,0.9416340589523315
1788,0.9999960660934448
1789,0.9998378753662109
1790,0.0009235184406861663
1791,0.8066118359565735
1792,0.5951955318450928
1793,0.9998477697372437
1794,0.9988337159156799
1795,0.001106620766222477
1796,0.00014705982175655663
1797,0.9999951124191284
1798,0.08119335025548935
1799,0.028590258210897446
1800,0.9542660117149353
1801,0.9992775321006775
1802,0.12213946878910065
1803,0.9132154583930969
1804,0.0022871580440551043
1805,0.00016428850358352065
1806,0.00018522149184718728
1807,0.8934690952301025
1808,0.04836128279566765
1809,0.9998687505722046
1810,0.9951618313789368
1811,0.9977788329124451
1812,0.7560181617736816
1813,0.99883633852005
1814,0.9992333650588989
1815,0.00048600934678688645
1816,0.1819818615913391
1817,1.0
1818,0.020714882761240005
1819,0.7950659990310669
1820,0.0003891441156156361
1821,0.9511864185333252
1822,0.9605466723442078
1823,0.27034854888916016
1824,0.03107263147830963
1825,0.9999892711639404
1826,0.26792117953300476
1827,5.980385594739346e-06
1828,0.0028876513242721558
1829,0.9874837398529053
1830,0.030163804069161415
1831,0.9890563488006592
1832,0.8981826901435852
1833,0.011531705036759377
1834,0.07468020915985107
1835,0.0014215208357200027
1836,0.444056898355484
1837,0.735729455947876
1838,0.9999781847000122
1839,0.5366595387458801
1840,0.9999064207077026
1841,0.9512767791748047
1842,0.9825709462165833
1843,0.4928702712059021
1844,6.826468961662613e-06
1845,0.9535735845565796
1846,0.012373985722661018
1847,2.947915163531434e-06
1848,0.9227330088615417
1849,0.1862509697675705
1850,0.766675591468811
1851,0.9591839909553528
1852,0.4627426266670227
1853,0.6108673810958862
1854,0.10895504802465439
1855,0.996837854385376
1856,0.9158024191856384
1857,8.2401093095541e-05
1858,0.0011898964876309037
1859,0.08767491579055786
1860,0.8142588138580322
1861,0.09763475507497787
1862,1.7512609247205546e-06
1863,0.32014673948287964
1864,0.0753217339515686
1865,0.8662049770355225
1866,0.9534236192703247
1867,0.00013990327715873718
1868,3.815001036855392e-05
1869,2.9033785153842473e-07
1870,0.005344700533896685
1871,0.9601812362670898
1872,0.9998810291290283
1873,0.9501290917396545
1874,0.9999988079071045
1875,0.15404367446899414
1876,0.9819907546043396
1877,0.23585715889930725
1878,0.994519054889679
1879,0.00017004043911583722
1880,0.06045893207192421
1881,0.9348593354225159
1882,0.25849461555480957
1883,0.08681251853704453
1884,0.9941937327384949
1885,0.1485043168067932
1886,0.007678892929106951
1887,0.9921494722366333
1888,0.8414106965065002
1889,0.06319406628608704
1890,0.9350178241729736
1891,0.27735868096351624
1892,1.0
1893,0.003984825685620308
1894,0.000498020788654685
1895,0.08654644340276718
1896,0.023217473179101944
1897,0.025050347670912743
1898,0.00022333968081511557
1899,0.09741314500570297
1900,0.0016243306454271078
1901,0.0016612056642770767
1902,0.16532747447490692
1903,0.95086669921875
1904,0.6048121452331543
1905,0.6713148951530457
1906,0.18854744732379913
1907,0.37024420499801636
1908,0.9995068311691284
1909,0.9996856451034546
1910,0.9591910243034363
1911,0.12497689574956894
1912,0.9656389355659485
1913,0.003418370382860303
1914,0.9962975382804871
1915,0.9999717473983765
1916,0.9978675842285156
1917,0.9741369485855103
1918,0.003834856441244483
1919,0.09771085530519485
1920,0.002262913389131427
1921,0.7614845037460327
1922,0.09418326616287231
1923,0.8679895997047424
1924,0.9950875639915466
1925,0.9814354181289673
1926,0.9980047345161438
1927,5.1435199566185474e-06
1928,0.9889116287231445
1929,0.06006443873047829
1930,0.028251394629478455
1931,0.9993771910667419
1932,0.05882405862212181
1933,0.08150747418403625
1934,3.7576555769192055e-05
1935,0.04106515645980835
1936,0.3266361355781555
1937,0.6575341820716858
1938,0.9996452331542969
1939,0.9956108927726746
1940,0.6395056843757629
1941,0.979957103729248
1942,0.2714315354824066
1943,0.0004384509811643511
1944,1.3629084605781827e-05
1945,0.9996340274810791
1946,0.574517011642456
1947,0.9987637996673584
1948,0.9984616041183472
1949,0.6329016089439392
1950,0.9946146607398987
1951,0.00026720474124886096
1952,0.027711566537618637
1953,2.3212169253383763e-07
1954,0.8818701505661011
1955,0.0004398569872137159
1956,0.6368567943572998
1957,0.9901031255722046
1958,0.01199785154312849
1959,2.6990399419446476e-05
1960,0.004949009045958519
1961,0.05956967920064926
1962,0.9886852502822876
1963,0.9995259046554565
1964,0.9874938130378723
1965,0.031538188457489014
1966,0.8080008029937744
1967,2.5578980711316035e-08
1968,0.9997590184211731
1969,0.26708582043647766
1970,0.2264191061258316
1971,0.00028047693194821477
1972,0.12562772631645203
1973,0.8432165384292603
1974,0.04290984198451042
1975,8.590893412474543e-05
1976,0.006383087486028671
1977,0.7032406330108643
1978,0.013412250205874443
1979,0.9872855544090271
1980,0.9999284744262695
1981,0.9949387311935425
1982,0.013326922431588173
1983,0.9999964237213135
1984,0.7954431176185608
1985,0.3090226650238037
1986,0.9791983366012573
1987,0.006958881393074989
1988,0.00018136066501028836
1989,0.999935507774353
1990,0.9987723231315613
1991,0.9999938011169434
1992,0.02853195182979107
1993,0.00023410747235175222
1994,0.9815524220466614
1995,0.1201375350356102
1996,0.9116532206535339
1997,0.40825164318084717
1998,0.11969614028930664
1999,0.001841551042161882
2000,0.003585598897188902
2001,0.9999778270721436
2002,0.9992502331733704
2003,0.3311161398887634
2004,0.15312397480010986
2005,0.8416749238967896
2006,0.7338271141052246
2007,0.999686598777771
2008,0.7389923334121704
2009,0.9696914553642273
2010,0.9986806511878967
2011,0.2831249237060547
2012,0.0001556718343636021
2013,0.058858778327703476
2014,0.45058491826057434
2015,0.16567298769950867
2016,0.25189635157585144
2017,0.2911210060119629
2018,4.293816857625643e-08
2019,0.000926147447898984
2020,0.0006758312811143696
2021,0.00011287840607110411
2022,0.3945236802101135
2023,0.0023891315795481205
2024,0.019885828718543053
2025,0.0011233043624088168
2026,0.8147957921028137
2027,1.5111036191228777e-05
2028,0.05169811099767685
2029,8.017093023227062e-06
2030,0.91791832447052
2031,0.0646556094288826
2032,0.960454523563385
2033,0.8795709609985352
2034,0.00967533141374588
2035,0.9999783039093018
2036,0.10506491363048553
2037,0.09624902904033661
2038,0.26373904943466187
2039,0.7390909790992737
2040,0.9215628504753113
2041,0.6552716493606567
2042,0.9946311712265015
2043,0.992091178894043
2044,0.01117231510579586
2045,0.9311467409133911
2046,0.8950150012969971
2047,0.0005440081004053354
2048,0.08505477011203766
2049,0.0008982777944765985
2050,0.8915992379188538
2051,0.13270631432533264
2052,0.47342249751091003
2053,0.9594966769218445
2054,0.9854559302330017
2055,0.9975340366363525
2056,0.3754073679447174
2057,0.4709480404853821
2058,0.018791629001498222
2059,0.023434672504663467
2060,0.8851070404052734
2061,0.9295886754989624
2062,1.0
2063,0.2622162103652954
2064,0.9682095050811768
2065,0.9948952794075012
2066,0.002583456225693226
2067,0.9940643906593323
2068,0.0034777976106852293
2069,0.9999995231628418
2070,0.5556583404541016
2071,0.013197716325521469
2072,0.00907144881784916
2073,0.5521715879440308
2074,0.23963989317417145
2075,5.487285307026468e-06
2076,0.18069520592689514
2077,0.9999998807907104
2078,0.9685190916061401
2079,0.8499894738197327
2080,0.011894836090505123
2081,0.9647415280342102
2082,0.7518526911735535
2083,0.9986668825149536
2084,0.9975320100784302
2085,0.9612234830856323
2086,0.7843906283378601
2087,0.486191064119339
2088,0.6594398021697998
2089,0.10959126800298691
2090,0.5634875893592834
2091,0.17566536366939545
2092,0.9841839075088501
2093,0.0012489586370065808
2094,0.5820001363754272
2095,0.9999784231185913
2096,0.914311408996582
2097,0.12806689739227295
2098,0.9392483234405518
2099,0.9051030278205872
2100,0.00015909838839434087
2101,0.9706928133964539
2102,0.05330740287899971
2103,0.5115655660629272
2104,0.9983781576156616
2105,0.001365434261970222
2106,0.049856193363666534
2107,0.8423155546188354
2108,0.5571230053901672
2109,0.9999998807907104
2110,0.9772590398788452
2111,0.997922956943512
2112,1.1164422630827175e-06
2113,0.03436477854847908
2114,0.6769423484802246
2115,0.024441303685307503
2116,0.00015002911095507443
2117,0.9181398749351501
2118,0.015012688934803009
2119,0.01065721083432436
2120,0.9556646943092346
2121,0.9996097683906555
2122,0.9991148114204407
2123,0.9252374768257141
2124,0.38686028122901917
2125,0.29157760739326477
2126,0.9985200762748718
2127,0.10407699644565582
2128,0.0013275056844577193
2129,0.9987452030181885
2130,0.0011032831389456987
2131,1.6871334082679823e-05
2132,0.7221279740333557
2133,0.0034366955514997244
2134,0.9994770884513855
2135,0.9998738765716553
2136,0.9924160242080688
2137,0.8479981422424316
2138,0.6386479735374451
2139,0.3508349061012268
2140,0.9413602352142334
2141,0.0037382517475634813
2142,0.22899681329727173
2143,0.7633416056632996
2144,0.026955582201480865
2145,0.020986635237932205
2146,0.9999736547470093
2147,0.05432301014661789
2148,0.48538124561309814
2149,5.131600482854992e-05
2150,2.4147504973370815e-06
2151,0.010330330580472946
2152,0.0001717381674097851
2153,0.04807855561375618
2154,0.7478241920471191
2155,0.3551799952983856
2156,0.743197500705719
2157,0.01543783862143755
2158,0.9978711605072021
2159,0.0327581912279129
2160,0.9868201613426208
2161,0.04986441880464554
2162,0.008787008933722973
2163,0.8750795722007751
2164,4.9512040277477354e-05
2165,0.9633443355560303
2166,0.0015649995766580105
2167,0.00017555498925503343
2168,0.0024912499357014894
2169,0.03391575068235397
2170,0.3423016369342804
2171,0.04790818691253662
2172,0.15839755535125732
2173,0.636826753616333
2174,0.9762877225875854
2175,0.9812301397323608
2176,0.11437736451625824
2177,0.5620520114898682
2178,0.7822417616844177
2179,0.9998310804367065
2180,0.9992414712905884
2181,0.134755939245224
2182,0.5389437079429626
2183,0.33860647678375244
2184,0.9961024522781372
2185,0.9999432563781738
2186,0.9936303496360779
2187,0.00619922112673521
2188,4.377572622615844e-05
2189,0.9999743700027466
2190,0.05943525582551956
2191,0.0005740070482715964
2192,0.15161128342151642
2193,0.36006277799606323
2194,0.995760977268219
2195,0.06342878192663193
2196,0.9999982118606567
2197,0.47111842036247253
2198,0.4775291681289673
2199,0.540549099445343
2200,0.00011786535469582304
2201,0.22421370446681976
2202,0.9999715089797974
2203,0.2804027795791626
2204,0.04848451912403107
2205,0.009707788936793804
2206,0.0584404319524765
2207,1.6535643965198688e-08
2208,1.6339747617166722e-06
2209,0.999674916267395
2210,0.9999755620956421
2211,0.999994158744812
2212,0.9577235579490662
2213,9.423732262803242e-05
2214,0.9999983310699463
2215,0.9997782111167908
2216,0.999996542930603
2217,0.9993010759353638
2218,0.5559597611427307
2219,0.8875556588172913
2220,0.9999985694885254
2221,0.9990150928497314
2222,1.0
2223,0.6402735114097595
2224,3.427639967412688e-05
2225,0.0004050166462548077
2226,0.994019627571106
2227,0.01761002279818058
2228,0.5974140763282776
2229,0.9889637231826782
2230,0.15939515829086304
2231,1.546000135022041e-06
2232,0.15907229483127594
2233,2.951953490537562e-07
2234,0.0004502050578594208
2235,0.0012102328473702073
2236,0.145848348736763
2237,0.002138781128451228
2238,0.9995179176330566
2239,0.002575542079284787
2240,0.9999986886978149
2241,0.9891191720962524
2242,0.0012004475574940443
2243,0.13541828095912933
2244,0.016390467062592506
2245,0.825639009475708
2246,0.6579979062080383
2247,0.0018948673969134688
2248,0.9028128981590271
2249,0.9989413619041443
2250,0.9680241942405701
2251,0.2757754623889923
2252,4.9784561269916594e-05
2253,0.5978789925575256
2254,0.5246489644050598
2255,0.07296784967184067
2256,0.7784624099731445
2257,0.011263025924563408
2258,0.9579154253005981
2259,0.8848488926887512
2260,0.9653440117835999
2261,0.14123493432998657
2262,0.31260251998901367
2263,0.8011444211006165
2264,0.04566575214266777
2265,0.07658394426107407
2266,0.004037887789309025
2267,0.40744102001190186
2268,2.809542095499884e-12
2269,0.951788067817688
2270,0.0022735504899173975
2271,0.9999639987945557
2272,0.9429412484169006
2273,6.715699782944284e-07
2274,0.009587765671312809
2275,0.7568463683128357
2276,0.988661527633667
2277,0.08136732131242752
2278,0.11198616027832031
2279,0.45216360688209534
2280,0.6694316864013672
2281,0.9881681799888611
2282,0.2912376821041107
2283,0.7815418839454651
2284,0.9722375869750977
2285,0.9999953508377075
2286,0.5145692825317383
2287,0.007417657412588596
2288,0.0032174261286854744
2289,0.0011658030562102795
2290,0.18813464045524597
2291,0.0009887677151709795
2292,0.00031485644285567105
2293,1.2081390821094828e-07
2294,0.20483553409576416
2295,0.6024703979492188
2296,0.476544052362442
2297,0.33387696743011475
2298,0.29388725757598877
2299,0.2600247263908386
2300,0.9996229410171509
2301,0.9935749173164368
2302,0.044173575937747955
2303,0.000779856403823942
2304,0.9884243011474609
2305,0.9995449185371399
2306,1.0
2307,4.9256505008088425e-06
2308,0.031054535880684853
2309,0.07225269079208374
2310,0.15736024081707
2311,0.7286297082901001
2312,0.0024446805473417044
2313,1.0
2314,0.22914861142635345
2315,0.00033009229809977114
2316,0.4603006839752197
2317,0.0008678189478814602
2318,0.17506596446037292
2319,0.9986365437507629
2320,0.20429031550884247
2321,0.02412591502070427
2322,0.9366152286529541
2323,0.6156973242759705
2324,0.07069860398769379
2325,0.9430385231971741
2326,0.7055149674415588
2327,0.6823739409446716
2328,0.0013645723229274154
2329,0.00013317621778696775
2330,0.3055621087551117
2331,0.2043168693780899
2332,0.24529697000980377
2333,0.9888566136360168
2334,1.0
2335,6.825727268733317e-06
2336,0.14048641920089722
2337,0.005091127939522266
2338,0.0002690583933144808
2339,0.991141676902771
2340,0.9961991906166077
2341,4.182338216196513e-06
2342,0.9999809265136719
2343,8.342894579982385e-05
2344,0.3361968696117401
2345,0.9655686020851135
2346,0.37793394923210144
2347,0.8849676251411438
2348,0.09131422638893127
2349,9.000252248370089e-06
2350,0.9999963045120239
2351,0.9999963045120239
2352,0.0037821251899003983
2353,3.005112193932291e-05
2354,6.9078387241461314e-06
2355,0.2950173616409302
2356,0.009570096619427204
2357,0.9899067282676697
2358,0.9999686479568481
2359,0.9987571239471436
2360,0.01536031998693943
2361,0.6011354923248291
2362,0.9469441771507263
2363,0.002288209041580558
2364,0.0004322600143495947
2365,0.8640874028205872
2366,0.9999939203262329
2367,0.005536033306270838
2368,0.9941917061805725
2369,0.11974915117025375
2370,0.3755381107330322
2371,0.006846098694950342
2372,0.9995747208595276
2373,0.9800318479537964
2374,0.9499982595443726
2375,0.023118020966649055
2376,0.9978207349777222
2377,0.0015005891909822822
2378,0.996775209903717
2379,0.0017073635244742036
2380,0.04887772351503372
2381,0.9999775886535645
2382,0.9078688025474548
2383,0.9097697138786316
2384,0.05175192654132843
2385,0.9553398489952087
2386,0.9479760527610779
2387,0.01894661784172058
2388,0.9988742470741272
2389,0.7569335699081421
2390,0.002674910705536604
2391,0.9999033212661743
2392,0.001028803177177906
2393,0.9999992847442627
2394,0.013274431228637695
2395,0.4592258930206299
2396,0.0001999491942115128
2397,0.640651524066925
2398,0.8779764175415039
2399,7.395242391794454e-07
2400,0.30417707562446594
2401,0.0025974013842642307
2402,0.9242923855781555
2403,0.0025761693250387907
2404,0.9058699011802673
2405,0.47782012820243835
2406,0.8773215413093567
2407,0.020793883129954338
2408,0.02860042080283165
2409,0.5032947063446045
2410,0.2345777004957199
2411,0.07702003419399261
2412,0.19740957021713257
2413,0.03268967196345329
2414,0.1302359402179718
2415,0.05437614023685455
2416,0.99769526720047
2417,0.845862090587616
2418,0.12825097143650055
2419,9.225092799169943e-05
2420,0.8648545145988464
2421,0.12389232218265533
2422,0.1792691946029663
2423,1.7472406398155726e-05
2424,0.004231318365782499
2425,6.640303763560951e-05
2426,0.00019158543727826327
2427,5.453451308312651e-07
2428,0.5175305008888245
2429,0.0008181098382920027
2430,0.997162401676178
2431,0.9999995231628418
2432,0.35997697710990906
2433,0.07442671060562134
2434,0.27034854888916016
2435,0.0013920358614996076
2436,0.054749760776758194
2437,0.9993876218795776
2438,0.42556992173194885
2439,0.06260238587856293
2440,0.0004318181308917701
2441,0.9965077042579651
2442,0.9179195761680603
2443,0.006460819859057665
2444,1.0
2445,0.0028355184476822615
2446,0.012415059842169285
2447,0.9912380576133728
2448,0.9763848781585693
2449,0.4687926173210144
2450,0.7363480925559998
2451,0.7684197425842285
2452,0.9166013598442078
2453,8.985477251144403e-08
2454,1.0685568668122869e-05
2455,0.8894729018211365
2456,0.045299287885427475
2457,0.9999997615814209
2458,0.983893632888794
2459,0.9903512597084045
2460,3.3534342946950346e-05
2461,0.041141949594020844
2462,0.9992853999137878
2463,0.0008347422117367387
2464,0.5413453578948975
2465,0.5882889628410339
2466,0.9999994039535522
2467,0.9997523427009583
2468,0.9958160519599915
2469,0.832435131072998
2470,0.9998223185539246
2471,0.7558252215385437
2472,0.617779552936554
2473,0.00094113580416888
2474,1.0
2475,0.0007348241633735597
2476,0.9999690055847168
2477,0.003374110208824277
2478,0.9981618523597717
2479,0.14157646894454956
2480,9.255183977074921e-05
2481,0.9999964237213135
2482,0.6733625531196594
2483,0.7577353715896606
2484,0.9989344477653503
2485,0.00023924665583763272
2486,5.176859122002497e-05
2487,0.9978304505348206
2488,0.0004570544697344303
2489,0.4536101520061493
2490,0.9992015957832336
2491,1.0
2492,0.014628265053033829
2493,1.201996582267384e-07
2494,0.8173176050186157
2495,0.00023189614876173437
2496,0.09404560923576355
2497,0.015781152993440628
2498,0.7423692941665649
2499,0.0008055369253270328
2500,0.0021275777835398912
2501,8.070978219620883e-05
2502,0.26200416684150696
2503,0.00010161732643609866
2504,0.9702758193016052
2505,0.999983549118042
2506,0.9986357092857361
2507,1.0
2508,0.0022368929348886013
2509,0.9999997615814209
2510,0.8905677795410156
2511,0.8419655561447144
2512,0.015931639820337296
2513,0.0012603664072230458
2514,0.649617612361908
2515,0.0004907151451334357
2516,0.007519465405493975
2517,0.0017558460822328925
2518,0.9913864135742188
2519,0.17130546271800995
2520,1.0
2521,0.8894864320755005
2522,0.6231622099876404
2523,0.20344160497188568
2524,0.015412600710988045
2525,0.010390986688435078
2526,0.6452646851539612
2527,0.9999487400054932
2528,0.0005165183683857322
2529,0.024285348132252693
2530,0.00023336915182881057
2531,9.897117706714198e-05
2532,0.9999773502349854
2533,0.9709949493408203
2534,0.02708958089351654
2535,0.006399274338036776
2536,0.1145087331533432
2537,0.9999935626983643
2538,0.0008968136971816421
2539,0.19279281795024872
2540,0.988247811794281
2541,0.9952520132064819
2542,0.00037681765388697386
2543,1.0
2544,0.7427775859832764
2545,0.0012561740586534142
2546,0.9999675750732422
2547,0.9365927577018738
2548,0.00019043292559217662
2549,0.02099122479557991
2550,0.0094516696408391
2551,0.0027472879737615585
2552,0.995931088924408
2553,0.010094535537064075
2554,4.6062410774538876e-08
2555,0.9999969005584717
2556,0.9999988079071045
2557,0.7397730946540833
2558,0.0007617220398969948
2559,0.9999998807907104
2560,0.9919819235801697
2561,0.9682527780532837
2562,0.9940430521965027
2563,0.020253688097000122
2564,0.0005273293354548514
2565,0.0034615332260727882
2566,0.4893801212310791
2567,0.19753903150558472
2568,0.9985508322715759
2569,0.995438277721405
2570,0.04620540887117386
2571,0.9241325259208679
2572,9.710391896078363e-05
2573,0.8299852013587952
2574,0.0009939876617863774
2575,0.20869377255439758
2576,0.020712049677968025
2577,0.9782317280769348
2578,0.2364572286605835
2579,0.8364579677581787
2580,7.610254328938026e-07
2581,0.9983828067779541
2582,0.24121801555156708
2583,0.9749658107757568
2584,0.0004286630137357861
2585,0.0042180828750133514
2586,0.07780097424983978
2587,0.002098402474075556
2588,0.01367354579269886
2589,0.7522996068000793
2590,0.9999701976776123
2591,0.07047680765390396
2592,0.07060607522726059
2593,0.4497379958629608
2594,0.9984654188156128
2595,0.005837386939674616
2596,0.007873055525124073
2597,0.06941701471805573
2598,0.17863410711288452
2599,0.999998927116394
2600,0.8865913152694702
2601,0.9999833106994629
2602,0.9628387093544006
2603,0.9065895676612854
2604,0.8974445462226868
2605,0.46803730726242065
2606,0.903569757938385
2607,2.395642877672799e-05
2608,0.9957869648933411
2609,0.9999998807907104
2610,0.04716017469763756
2611,0.004340102430433035
2612,0.9867510795593262
2613,0.4691384434700012
2614,0.9980605244636536
2615,0.7137686014175415
2616,0.005739917978644371
2617,0.9999997615814209
2618,0.0008584861643612385
2619,6.60053628962487e-05
2620,0.00019902117492165416
2621,3.958279194193892e-06
2622,0.017020734027028084
2623,2.140112798088012e-07
2624,0.40148046612739563
2625,5.794140179204987e-06
2626,0.998099148273468
2627,1.0
2628,0.999508261680603
2629,0.9992730021476746
2630,0.00016981961380224675
2631,0.40347570180892944
2632,0.16974808275699615
2633,0.7655209898948669
2634,0.07066266983747482
2635,0.7549829483032227
2636,0.016451392322778702
2637,0.13130313158035278
2638,0.5608488917350769
2639,0.0007302698213607073
2640,0.0016025886870920658
2641,0.9501721262931824
2642,0.9988992214202881
2643,0.9872713685035706
2644,0.13402779400348663
2645,0.48446983098983765
2646,0.5200299024581909
2647,0.26529166102409363
2648,0.07398711889982224
2649,0.36085939407348633
2650,0.1786317229270935
2651,0.60748690366745
2652,0.91341233253479
2653,0.019624808803200722
2654,0.3408529460430145
2655,0.07169585675001144
2656,0.7506119608879089
2657,0.3407306969165802
2658,0.016432251781225204
2659,0.16635386645793915
2660,4.858566626353422e-06
2661,0.2858482897281647
2662,0.0011925504077225924
2663,0.9999862909317017
2664,0.9961011409759521
2665,0.0004476983449421823
2666,0.7200333476066589
2667,0.025887969881296158
2668,0.010984653607010841
2669,0.6251316666603088
2670,0.48003914952278137
2671,0.19969969987869263
2672,1.752983735059388e-05
2673,0.9629552960395813
2674,5.990991667204071e-06
2675,0.0022020505275577307
2676,0.38227012753486633
2677,0.9995880722999573
2678,0.07087650150060654
2679,0.9675460457801819
2680,0.43219268321990967
2681,0.008686314336955547
2682,0.9999986886978149
2683,0.020935798063874245
2684,0.9983043670654297
2685,0.011996913701295853
2686,0.007019243203103542
2687,0.7645249962806702
2688,0.11495986580848694
2689,1.0
2690,0.00010165415733354166
2691,0.9997387528419495
2692,0.7224202752113342
2693,3.4928762033814564e-05
2694,0.3895134925842285
2695,0.25593388080596924
2696,0.006598692387342453
2697,0.989152193069458
2698,0.1329253613948822
2699,3.7790848637087038e-06
2700,0.9080674052238464
2701,0.6444795727729797
2702,0.4503136873245239
2703,0.08265715092420578
2704,0.9997068047523499
2705,0.06088658794760704
2706,0.20774410665035248
2707,0.01223739143460989
2708,0.9351215362548828
2709,0.9999470710754395
2710,0.7776628732681274
2711,0.0013964507961645722
2712,0.6772813200950623
2713,0.4652133584022522
2714,0.0013968379935249686
2715,1.0575556643743766e-06
2716,0.421284019947052
2717,0.699837863445282
2718,0.9996851682662964
2719,0.9990344047546387
2720,0.006421299651265144
2721,0.8362457752227783
2722,0.9999884366989136
2723,0.7920212745666504
2724,0.9998546838760376
2725,4.5853765186620876e-05
2726,0.3125585913658142
2727,0.11600948870182037
2728,0.11608035117387772
2729,0.009226419031620026
2730,1.0
2731,0.0003688942233566195
2732,0.9987853169441223
2733,0.9354100823402405
2734,0.02136281505227089
2735,0.480345219373703
2736,0.005972692742943764
2737,0.9999996423721313
2738,0.9785140156745911
2739,0.9302197098731995
2740,0.8544132709503174
2741,0.0028223388362675905
2742,0.00022937959874980152
2743,0.9080791473388672
2744,0.9992591738700867
2745,0.9999892711639404
2746,0.01455330103635788
2747,0.6996774077415466
2748,0.6590723991394043
2749,1.3215423678047955e-05
2750,3.7670233723474666e-05
2751,0.7844841480255127
2752,0.8187734484672546
2753,0.33119991421699524
2754,0.5921815633773804
2755,0.9987221360206604
2756,0.9999679327011108
2757,0.9999990463256836
2758,0.028158703818917274
2759,0.02446119114756584
2760,0.3163907527923584
2761,0.28877201676368713
2762,4.23121446146979e-06
2763,0.9915726184844971
2764,0.33317819237709045
2765,0.0390000119805336
2766,0.9930188059806824
2767,0.9999991655349731
2768,0.8908665776252747
2769,0.02126096375286579
2770,0.8545910716056824
2771,0.9999998807907104
2772,0.48628222942352295
2773,0.5044512748718262
2774,0.9981168508529663
2775,0.9230784177780151
2776,0.018957220017910004
2777,0.9979041814804077
2778,0.9999520778656006
2779,0.9967758059501648
2780,7.5929960985376965e-06
2781,0.049917057156562805
2782,0.031086992472410202
2783,0.0011739267501980066
2784,0.14342910051345825
2785,3.471822310530115e-06
2786,0.9721333980560303
2787,0.9932374954223633
2788,0.999538779258728
2789,0.9956983327865601
2790,0.5146117210388184
2791,0.9999268054962158
2792,0.9995094537734985
2793,0.037240561097860336
2794,5.091549937219497e-08
2795,0.949638307094574
2796,0.9931493401527405
2797,0.5692334771156311
2798,0.9998618364334106
2799,0.2438347041606903
2800,0.8938957452774048
2801,0.003358585527166724
2802,0.9998499155044556
2803,0.13230390846729279
2804,0.9054232835769653
2805,0.0010969940340146422
2806,0.8542378544807434
2807,0.15307089686393738
2808,0.00044322817120701075
2809,0.0002804223622661084
2810,0.0002953091461677104
2811,0.9995954632759094
2812,0.00011338153854012489
2813,0.986718475818634
2814,0.019776346161961555
2815,0.010193930938839912
2816,0.1339513659477234
2817,0.00048695443547330797
2818,0.48138460516929626
2819,0.595836341381073
2820,0.9996650218963623
2821,0.20932382345199585
2822,0.9997034668922424
2823,6.167127594380872e-06
2824,0.9989868998527527
2825,0.2211875319480896
2826,0.999367892742157
2827,0.9999233484268188
2828,0.295362651348114
2829,0.5660613775253296
2830,0.7475027441978455
2831,0.03718198090791702
2832,0.009127776138484478
2833,0.9999994039535522
2834,0.9787388443946838
2835,0.06528537720441818
2836,0.11813405156135559
2837,5.5352305935230106e-05
2838,0.0011197541607543826
2839,0.9892555475234985
2840,6.62522339212046e-08
2841,0.021244674921035767
2842,0.8978306651115417
2843,0.9992156028747559
2844,0.007840368896722794
2845,0.9995421171188354
2846,0.620790958404541
2847,0.2991127669811249
2848,5.111868404128472e-07
2849,0.0014625241747125983
2850,0.0002453432825859636
2851,0.0008087858441285789
2852,0.038135118782520294
2853,7.80293731850179e-08
2854,0.00015482978778891265
2855,0.25324103236198425
2856,0.9869167804718018
2857,1.8616333363752346e-07
2858,0.9041603207588196
2859,0.0602828674018383
2860,0.8980622291564941
2861,0.5766578912734985
2862,0.0002007702860282734
2863,0.00022174489276949316
2864,0.8467442989349365
2865,0.8793303966522217
2866,0.06526481360197067
2867,0.9934050440788269
2868,0.31895190477371216
2869,0.013881729915738106
2870,0.9372148513793945
2871,0.9999675750732422
2872,0.014116381295025349
2873,0.00046910910168662667
2874,4.992069534637267e-06
2875,0.8338788151741028
2876,0.9997419714927673
2877,0.4501734972000122
2878,0.9970754384994507
2879,0.9943570494651794
2880,0.5404710173606873
2881,1.0
2882,0.026198867708444595
2883,0.0005447264411486685
2884,0.7377600073814392
2885,0.9381899833679199
2886,0.0024148505181074142
2887,0.00017295125871896744
2888,0.004197176545858383
2889,0.9511463642120361
2890,0.42490923404693604
2891,0.9687383770942688
2892,0.9999982118606567
2893,7.106154225766659e-05
2894,0.04150696098804474
2895,0.9999982118606567
2896,0.19029967486858368
2897,2.022228162701367e-09
2898,0.9995761513710022
2899,0.5095475912094116
2900,1.0
2901,0.25582659244537354
2902,0.2208305448293686
2903,0.04108501598238945
2904,0.126796156167984
2905,0.9023957848548889
2906,0.0026555347722023726
2907,0.9991496801376343
2908,0.006963317282497883
2909,0.2433893382549286
2910,0.8088022470474243
2911,0.9902734160423279
2912,0.9990360736846924
2913,0.9999994039535522
2914,0.4488180875778198
2915,0.011588177643716335
2916,0.9821515083312988
2917,0.037296753376722336
2918,0.005113185849040747
2919,0.9045948386192322
2920,0.24167709052562714
2921,0.9173505306243896
2922,0.009623007848858833
2923,0.0023977893870323896
2924,0.8971936106681824
2925,0.9999843835830688
2926,0.32640060782432556
2927,0.8139017820358276
2928,0.9908236265182495
2929,0.0008284157374873757
2930,0.0014656863640993834
2931,0.9999895095825195
2932,0.25114157795906067
2933,0.0005082747084088624
2934,0.0072095454670488834
2935,0.004985311068594456
2936,0.9998433589935303
2937,0.0021170186810195446
2938,0.0001660901034483686
2939,0.779242217540741
2940,0.9664939641952515
2941,5.303073521645274e-06
2942,0.21880216896533966
2943,0.0067671313881874084
2944,8.265208634838928e-06
2945,0.9625868797302246
2946,0.9966654181480408
2947,6.241510277504858e-07
2948,0.8042251467704773
2949,0.3997745215892792
2950,0.9997625946998596
2951,0.09589149057865143
2952,0.9999874830245972
2953,0.0037070310208946466
2954,0.0002316928148502484
2955,0.05120062828063965
2956,0.04741465672850609
2957,0.5025381445884705
2958,0.05951672047376633
2959,0.04980270937085152
2960,0.8096364140510559
2961,0.07966579496860504
2962,2.394673437322581e-08
2963,0.9893448948860168
2964,1.0
2965,0.0005224854685366154
2966,1.3496790529643476e-07
2967,0.00416159350425005
2968,0.0048066359013319016
2969,0.9959659576416016
2970,0.0016654949868097901
2971,0.0010487120598554611
2972,0.9445765018463135
2973,0.42143160104751587
2974,0.043480485677719116
2975,0.38689136505126953
2976,0.009216108359396458
2977,0.336064875125885
2978,0.0021704412065446377
2979,0.20163655281066895
2980,0.41347572207450867
2981,0.9981241822242737
2982,0.9294260144233704
2983,0.00035116146318614483
2984,0.7359930872917175
2985,0.006737160962074995
2986,0.8183461427688599
2987,0.0006253082538023591
2988,0.9853078126907349
2989,0.026622192934155464
2990,0.9894065260887146
2991,1.077340994193321e-10
2992,0.9372574687004089
2993,0.7353556752204895
2994,0.06482759118080139
2995,0.0014668283984065056
2996,0.9994210004806519
2997,0.41579851508140564
2998,0.9989748001098633
2999,0.00032407912658527493
3000,0.5437068343162537
3001,0.9686712622642517
3002,0.8687785863876343
3003,0.0005763496155850589
3004,0.9455137848854065
3005,0.012605776078999043
3006,0.5913068056106567
3007,0.06084548681974411
3008,0.03627437725663185
3009,0.9147058129310608
3010,0.12669187784194946
3011,0.5309299826622009
3012,0.0014264698838815093
3013,0.3265019953250885
3014,0.028063282370567322
3015,0.9251739978790283
3016,0.9995385408401489
3017,0.43254294991493225
3018,0.9991686344146729
3019,0.9999982118606567
3020,0.007672639563679695
3021,0.18266505002975464
3022,0.0005885288119316101
3023,0.3441926836967468
3024,0.9913244247436523
3025,0.005944803822785616
3026,0.05386786907911301
3027,0.00018181138148065656
3028,0.9580104947090149
3029,0.9352723360061646
3030,0.4492466151714325
3031,0.3808583915233612
3032,0.9999673366546631
3033,0.0028219432570040226
3034,0.004840400069952011
3035,0.00036223020288161933
3036,0.001680192886851728
3037,0.9302294254302979
3038,0.9999955892562866
3039,0.9979721903800964
3040,0.00806482881307602
3041,0.9653299450874329
3042,0.0006525157950818539
3043,0.6881988048553467
3044,0.9823014736175537
3045,0.4426281154155731
3046,0.10936237871646881
3047,0.018020866438746452
3048,0.05039107799530029
3049,0.984067976474762
3050,0.9496600031852722
3051,1.0
3052,0.8122334480285645
3053,0.3857475519180298
3054,0.9718198180198669
3055,0.021854082122445107
3056,0.0004730131186079234
3057,0.9994427561759949
3058,0.008944288827478886
3059,0.9485368132591248
3060,0.28979963064193726
3061,0.9786018133163452
3062,0.6653400659561157
3063,0.00022432075638789684
3064,0.9995885491371155
3065,0.3640410602092743
3066,0.002137118950486183
3067,0.375165194272995
3068,0.9752858281135559
3069,0.9842148423194885
3070,0.9078090786933899
3071,0.8315816521644592
3072,0.7071146965026855
3073,0.9978033900260925
3074,0.9996209144592285
3075,0.9997572302818298
3076,0.9999991655349731
3077,0.0004547418502625078
3078,0.9437678456306458
3079,0.21761250495910645
3080,0.001402525813318789
3081,0.008848643861711025
3082,0.9553733468055725
3083,0.9565942287445068
3084,0.0001632788626011461
3085,0.9848494529724121
3086,0.960844874382019
3087,0.4942142367362976
3088,2.6456915293238126e-05
3089,0.9997679591178894
3090,0.4568345844745636
3091,8.676229157345006e-08
3092,0.7179691195487976
3093,0.008642330765724182
3094,0.5339153409004211
3095,0.957480251789093
3096,0.8485885262489319
3097,0.18663771450519562
3098,0.1561044603586197
3099,0.9502248764038086
3100,0.004336046986281872
3101,1.0
3102,0.9642862677574158
3103,0.999948263168335
3104,0.027518179267644882
3105,0.999951958656311
3106,0.04776977002620697
3107,0.8885737657546997
3108,0.016695495694875717
3109,0.9836165904998779
3110,0.9999626874923706
3111,0.00029108021408319473
3112,0.000115489267045632
3113,0.24061337113380432
3114,0.4206119477748871
3115,0.941588282585144
3116,0.9999995231628418
3117,0.9999997615814209
3118,0.2078033834695816
3119,0.9997444748878479
3120,0.34963101148605347
3121,0.0005808644345961511
3122,0.0023819347843527794
3123,0.00011028932203771546
3124,0.5933536887168884
3125,0.6904857754707336
3126,0.0002969978377223015
3127,0.30311915278434753
3128,0.999996542930603
3129,0.9989420771598816
3130,0.054135456681251526
3131,0.002195945708081126
3132,0.36880800127983093
3133,0.9042215347290039
3134,0.9988284707069397
3135,7.941505373310065e-07
3136,0.9959347248077393
3137,0.5730793476104736
3138,0.953680694103241
3139,0.8177298307418823
3140,0.9999357461929321
3141,0.06811787933111191
3142,0.2452501356601715
3143,0.9939277172088623
3144,0.00044720989535562694
3145,0.9918485879898071
3146,8.064866051427089e-06
3147,0.9993552565574646
3148,0.38270828127861023
3149,0.9999680519104004
3150,0.9188187718391418
3151,0.24338410794734955
3152,0.9987012147903442
3153,0.022567827254533768
3154,0.05506063625216484
3155,0.032956812530756
3156,0.3214716911315918
3157,0.9999998807907104
3158,0.0030981870368123055
3159,0.00855089258402586
3160,0.9753146171569824
3161,0.6855414509773254
3162,0.9559440612792969
3163,2.1775525965495035e-05
3164,0.696083664894104
3165,0.004195287358015776
3166,0.9993786811828613
3167,0.0001223524013767019
3168,0.0052860877476632595
3169,0.15304069221019745
3170,0.5121888518333435
3171,0.00023468474682886153
3172,0.09169349819421768
3173,0.03573375567793846
3174,0.051988087594509125
3175,7.51545542243548e-07
3176,0.5104183554649353
3177,5.790200884803198e-05
3178,0.9266793131828308
3179,0.00502319959923625
3180,5.609267645922955e-07
3181,0.9189319610595703
3182,0.9019553065299988
3183,0.010516990907490253
3184,0.9999978542327881
3185,0.873389482498169
3186,0.006307304836809635
3187,0.9992081522941589
3188,0.17925913631916046
3189,0.9905787110328674
3190,0.022712334990501404
3191,9.459782449994236e-05
3192,0.9796357154846191
3193,0.8973488211631775
3194,7.199065294116735e-05
3195,0.8380303978919983
3196,0.9999990463256836
3197,0.042128920555114746
3198,0.6987093687057495
3199,0.36146584153175354
3200,0.9992188215255737
3201,0.13437867164611816
3202,0.6037853956222534
3203,0.8331440687179565
3204,0.06564418971538544
3205,0.03916679695248604
3206,0.9425197839736938
3207,0.002259965520352125
3208,0.00045710717677138746
3209,0.99974125623703
3210,0.7342601418495178
3211,0.4435204863548279
3212,0.9977582693099976
3213,6.329940305249693e-08
3214,0.9971119165420532
3215,0.007036163005977869
3216,0.5630022883415222
3217,0.8871603608131409
3218,0.005904672667384148
3219,0.000945871404837817
3220,4.5575984586321283e-07
3221,0.0006929338560439646
3222,0.026910506188869476
3223,0.9987058639526367
3224,0.9999991655349731
3225,0.0006648964481428266
3226,0.9997738003730774
3227,0.8245152235031128
3228,0.10325444489717484
3229,0.8783541321754456
3230,0.015622155740857124
3231,5.581952336797258e-06
3232,0.013578681275248528
3233,0.49635809659957886
3234,0.7317264676094055
3235,0.9991661310195923
3236,1.4947181625757366e-06
3237,0.9848423004150391
3238,0.9998540878295898
3239,0.9367635250091553
3240,0.6428858041763306
3241,0.5840981602668762
3242,0.05884494259953499
3243,0.9979835748672485
3244,0.45645207166671753
3245,0.9421166181564331
3246,0.698362410068512
3247,0.8109617829322815
3248,0.8251163959503174
3249,0.8950272798538208
3250,0.8795639276504517
3251,0.8027758598327637
3252,0.9496600031852722
3253,0.9999978542327881
3254,0.04961111769080162
3255,0.0035002187360078096
3256,0.9934899806976318
3257,0.007879173383116722
3258,0.008482865057885647
3259,3.484864646452479e-05
3260,0.9759164452552795
3261,0.39222583174705505
3262,0.5543645024299622
3263,0.000307800859445706
3264,0.9341254234313965
3265,0.2254294753074646
3266,0.0019339189166203141
3267,0.028838584199547768
3268,0.785537838935852
3269,0.5568979382514954
3270,0.15888050198554993
3271,8.128975270693672e-10
3272,0.9996354579925537
3273,0.9996589422225952
3274,0.9996033310890198
3275,0.002179663395509124
3276,0.5373071432113647
3277,0.999687910079956
3278,0.4158638119697571
3279,0.9499167799949646
3280,0.22318509221076965
3281,0.026523271575570107
3282,0.3184664845466614
3283,0.030671562999486923
3284,0.1965988278388977
3285,0.11166133731603622
3286,0.209939643740654
3287,0.277424156665802
3288,0.9999983310699463
3289,0.007633254397660494
3290,0.081537164747715
3291,0.8806584477424622
3292,0.7100532650947571
3293,1.0
3294,0.9969595670700073
3295,0.011814412660896778
3296,1.4097104212851264e-05
3297,0.012916709296405315
3298,0.9998403787612915
3299,0.00035140005638822913
3300,0.021973393857479095
3301,0.8892545104026794
3302,0.8760594129562378
3303,0.97383052110672
3304,0.551799476146698
3305,0.37391799688339233
3306,0.10443954169750214
3307,0.007200875785201788
3308,0.9916958212852478
3309,0.8823540806770325
3310,0.9999998807907104
3311,0.09762492775917053
3312,0.011324629187583923
3313,0.009066220372915268
3314,0.9999809265136719
3315,0.8728204369544983
3316,0.40899452567100525
3317,0.9706928133964539
3318,0.007977912202477455
3319,0.6004921197891235
3320,1.937622300829389e-06
3321,0.9832971096038818
3322,0.07811643183231354
3323,0.6075973510742188
3324,0.0012043425813317299
3325,0.717807412147522
3326,0.0021664537489414215
3327,0.6163198947906494
3328,0.9999984502792358
3329,0.9999978542327881
3330,4.227969475323334e-05
3331,0.9388021230697632
3332,0.04839038848876953
3333,0.1073094829916954
3334,0.9892652034759521
3335,0.07491396367549896
3336,0.6905800104141235
3337,0.003286493942141533
3338,0.9999427795410156
3339,0.9999353885650635
3340,0.9998805522918701
3341,0.9971771240234375
3342,0.05034780502319336
3343,0.0021235449239611626
3344,0.8376438617706299
3345,0.006065287161618471
3346,0.5592076778411865
3347,1.8255255781696178e-05
3348,0.1135328933596611
3349,0.00041522685205563903
3350,0.5636714696884155
3351,0.9979934692382812
3352,0.06346893310546875
3353,0.32530054450035095
3354,1.0
3355,0.5706267356872559
3356,0.7934823632240295
3357,0.275476336479187
3358,0.729999303817749
3359,0.13162295520305634
3360,0.01706085540354252
3361,0.9991685152053833
3362,0.9060009121894836
3363,0.7559539675712585
3364,0.9992902278900146
3365,0.9291092753410339
3366,0.9982936978340149
3367,0.9999998807907104
3368,0.9363532662391663
3369,0.43708810210227966
3370,1.2259553841431625e-05
3371,0.26565805077552795
3372,0.9736840128898621
3373,0.0007936455658636987
3374,0.9291428327560425
3375,0.9991637468338013
3376,0.00017457245849072933
3377,0.0007128375000320375
3378,0.9999599456787109
3379,0.9204263091087341
3380,0.5193264484405518
3381,0.00058534718118608
3382,0.016443917527794838
3383,0.4861144423484802
3384,0.7813472151756287
3385,0.7965605854988098
3386,0.1497110277414322
3387,1.1838500665883878e-11
3388,0.0018082356546074152
3389,0.00102622143458575
3390,0.011147892102599144
3391,0.6434511542320251
3392,8.556189641240053e-06
3393,0.03459743782877922
3394,0.34899163246154785
3395,0.9998636245727539
3396,0.8440561294555664
3397,0.03405406326055527
3398,0.0721992775797844
3399,0.6251089572906494
3400,0.926986038684845
3401,0.8686293363571167
3402,4.1225172026315704e-05
3403,0.09341724216938019
3404,0.8374897241592407
3405,0.07252221554517746
3406,0.6611987948417664
3407,0.9727197885513306
3408,0.9796767830848694
3409,0.9997063279151917
3410,0.9977989792823792
3411,0.4101162552833557
3412,0.05897008255124092
3413,0.3055402934551239
3414,0.9791572093963623
3415,0.00020526724983938038
3416,0.4799489974975586
3417,0.9592385292053223
3418,0.4066292941570282
3419,0.9933440685272217
3420,0.9953526258468628
3421,0.03390464931726456
3422,0.999976396560669
3423,0.7321977615356445
3424,0.6307926177978516
3425,0.99940025806427
3426,0.9500373005867004
3427,0.800672709941864
3428,0.08639548718929291
3429,0.0025234518107026815
3430,0.6809377670288086
3431,0.8394676446914673
3432,0.9999920129776001
3433,0.7429335117340088
3434,0.9999905824661255
3435,0.9999994039535522
3436,0.8072529435157776
3437,0.9585198163986206
3438,0.00085030886111781
3439,0.01013700757175684
3440,0.6153309345245361
3441,0.07027873396873474
3442,0.9993174076080322
3443,0.003939285408705473
3444,0.0005581891164183617
3445,0.9959327578544617
3446,0.1335226595401764
3447,7.21587321095285e-06
3448,2.369223921050434e-06
3449,2.599972237504744e-09
3450,0.7661923170089722
3451,0.06549087166786194
3452,0.47648587822914124
3453,0.6637036800384521
3454,0.99994957447052
3455,0.6888622641563416
3456,0.0025642910040915012
3457,0.645414412021637
3458,0.009310918860137463
3459,0.9797534346580505
3460,0.0011625051265582442
3461,0.01171056367456913
3462,0.010916915722191334
3463,3.2825970265548676e-05
3464,1.0
3465,0.008698842488229275
3466,0.9963998794555664
3467,0.9296137690544128
3468,0.9998419284820557
3469,0.5564280152320862
3470,0.9990295171737671
3471,0.9808454513549805
3472,0.041979990899562836
3473,0.011190386489033699
3474,1.920520617204602e-06
3475,0.0002353661839151755
3476,0.5895307064056396
3477,0.5837695002555847
3478,0.9997634291648865
3479,0.9997126460075378
3480,0.0032859237398952246
3481,3.0645290394204494e-07
3482,0.8814641833305359
3483,0.00017985024896916002
3484,0.6337318420410156
3485,0.9999990463256836
3486,0.19020704925060272
3487,0.9282676577568054
3488,0.811292290687561
3489,0.013803411275148392
3490,0.9861190319061279
3491,0.9577773809432983
3492,0.3415679633617401
3493,0.04302779957652092
3494,0.9969502091407776
3495,0.02608569525182247
3496,0.004488145932555199
3497,0.9999063014984131
3498,0.008966494351625443
3499,0.002813059836626053
3500,0.4925239384174347
3501,6.008580839989008e-06
3502,0.10493213683366776
3503,0.9572069048881531
3504,0.9999998807907104
3505,1.0
3506,0.4089755415916443
3507,0.9993845224380493
3508,0.022303689271211624
3509,0.9995602965354919
3510,0.00850739236921072
3511,1.0
3512,0.27997466921806335
3513,0.17933981120586395
3514,0.00019054970471188426
3515,0.999895453453064
3516,0.00021635253506246954
3517,0.012610424309968948
3518,0.004989972338080406
3519,0.6260337233543396
3520,0.8671020269393921
3521,0.8977568745613098
3522,0.9995775818824768
3523,0.9639383554458618
3524,0.8567641973495483
3525,0.024131881073117256
3526,0.3240557312965393
3527,0.06295458972454071
3528,0.057866327464580536
3529,0.3726998567581177
3530,0.08464640378952026
3531,0.006629536859691143
3532,0.9965952038764954
3533,0.003397992579266429
3534,0.008100289851427078
3535,0.8996928930282593
3536,0.021550655364990234
3537,0.5333853363990784
3538,0.9950370192527771
3539,0.9872068762779236
3540,0.21118083596229553
3541,0.07892061769962311
3542,0.9927443265914917
3543,0.016008298844099045
3544,0.9999998807907104
3545,0.007046161685138941
3546,0.9999973773956299
3547,0.9970476031303406
3548,0.000710836669895798
3549,0.9792836308479309
3550,0.9928508996963501
3551,0.004825066775083542
3552,0.9556922912597656
3553,0.015048324130475521
3554,0.9994028806686401
3555,8.967258327174932e-05
3556,8.032265031943098e-05
3557,0.2924098074436188
3558,0.9999775886535645
3559,0.00618224311619997
3560,0.6177839040756226
3561,0.007645472418516874
3562,0.838715136051178
3563,0.9999998807907104
3564,0.898514449596405
3565,6.228757411008701e-05
3566,0.00010455255687702447
3567,0.6656937003135681
3568,1.0
3569,0.9396542310714722
3570,0.9909713268280029
3571,0.19742301106452942
3572,0.923736572265625
3573,0.046585019677877426
3574,0.998053789138794
3575,0.17415042221546173
3576,0.2950341999530792
3577,0.0005944199510850012
3578,0.9893288016319275
3579,0.9687111973762512
3580,0.9597195386886597
3581,0.08415965735912323
3582,0.9768952131271362
3583,0.00014890321472194046
3584,0.0002656810684129596
3585,0.9999791383743286
3586,0.7233911156654358
3587,0.9976415634155273
3588,0.822163462638855
3589,0.0033393800258636475
3590,0.05431179329752922
3591,0.013224085792899132
3592,0.015094516798853874
3593,0.9992411136627197
3594,0.027190931141376495
3595,0.9848433136940002
3596,0.999954104423523
3597,0.0003692038299050182
3598,0.9956613183021545
3599,0.09943412244319916
3600,0.04691944643855095
3601,0.9970982074737549
3602,0.12813757359981537
3603,0.06176705285906792
3604,0.00022293692745734006
3605,0.6456632614135742
3606,0.9995701909065247
3607,0.07496584206819534
3608,0.8791108727455139
3609,4.641165105567779e-06
3610,1.0
3611,3.376110544195399e-05
3612,0.08423580229282379
3613,0.9828624129295349
3614,0.007344337645918131
3615,0.3208337128162384
3616,0.01513990480452776
3617,0.000107404644950293
3618,4.4871799218526576e-06
3619,0.5206557512283325
3620,0.2209218591451645
3621,0.9997056126594543
3622,0.0012405171291902661
3623,0.8168515563011169
3624,0.018280090764164925
3625,0.9953327775001526
3626,0.8077663779258728
3627,0.2066187709569931
3628,0.018226252868771553
3629,0.5512018799781799
3630,0.9998225569725037
3631,0.11540579050779343
3632,0.8382587432861328
3633,0.08756823092699051
3634,0.9988539218902588
3635,7.391775579890236e-05
3636,0.01892498880624771
3637,0.9496793746948242
3638,0.0002507369499653578
3639,0.026535816490650177
3640,0.33196553587913513
3641,0.9511350393295288
3642,0.9993510842323303
3643,0.00010957627819152549
3644,0.010876273736357689
3645,0.9252006411552429
3646,0.23910704255104065
3647,0.02177395485341549
3648,0.9921690821647644
3649,0.8092778921127319
3650,0.9078623056411743
3651,0.6568002104759216
3652,0.06175825744867325
3653,0.971224844455719
3654,0.23833432793617249
3655,0.9278223514556885
3656,0.19755691289901733
3657,0.00038883229717612267
3658,0.9991909861564636
3659,0.9994345307350159
3660,0.0004031386342830956
3661,0.996658205986023
3662,0.9956499934196472
3663,0.011120247654616833
3664,0.8013685941696167
3665,0.00794919952750206
3666,8.721085760043934e-05
3667,0.9658445119857788
3668,0.011703136377036572
3669,0.5342150926589966
3670,0.056840941309928894
3671,9.765663708094507e-05
3672,0.0011351157445460558
3673,0.2062029093503952
3674,0.6166224479675293
3675,0.6452952027320862
3676,0.9999545812606812
3677,0.9999996423721313
3678,5.14985686095315e-06
3679,0.013289679773151875
3680,0.1868312656879425
3681,0.02292131818830967
3682,0.7267622947692871
3683,0.012157668359577656
3684,0.09493214637041092
3685,0.9464510083198547
3686,0.48940423130989075
3687,0.8639645576477051
3688,0.9950810670852661
3689,0.4195617437362671
3690,0.5549277663230896
3691,0.5955542325973511
3692,0.2203863561153412
3693,0.48925402760505676
3694,0.01065078191459179
3695,0.10907395929098129
3696,0.024763820692896843
3697,0.9979473948478699
3698,0.01080595888197422
3699,0.08965012431144714
3700,0.0001816871081246063
3701,0.7128093242645264
3702,0.002996919211000204
3703,0.0029354458674788475
3704,0.015615454874932766
3705,7.146812475156139e-09
3706,0.9998447895050049
3707,0.901033341884613
3708,0.9949506521224976
3709,0.9295880198478699
3710,0.00431141396984458
3711,0.9341444969177246
3712,0.0033550250809639692
3713,0.9393425583839417
3714,0.994587779045105
3715,0.9876810312271118
3716,0.9881436228752136
3717,0.24352334439754486
3718,0.7317320108413696
3719,0.9990457892417908
3720,0.9854792356491089
3721,0.6105934381484985
3722,0.5087653398513794
3723,0.7087880969047546
3724,0.5121618509292603
3725,0.008623652160167694
3726,0.01515176147222519
3727,0.11881239712238312
3728,0.035881396383047104
3729,0.04819604009389877
3730,0.2683429419994354
3731,9.07528810785152e-05
3732,0.9249511957168579
3733,0.002991572953760624
3734,0.20885106921195984
3735,0.0351351760327816
3736,0.9915313720703125
3737,0.009735641069710255
3738,4.237614575686166e-06
3739,0.9999920129776001
3740,0.0007088403799571097
3741,0.9985432624816895
3742,0.9924787282943726
3743,4.370467195258243e-06
3744,0.976807177066803
3745,1.532810784965477e-07
3746,2.1615862351609394e-05
3747,1.0444413419463672e-05
3748,0.012381184846162796
3749,0.9990054965019226
3750,0.04103216901421547
3751,0.5309569835662842
3752,0.9748024344444275
3753,0.21741525828838348
3754,0.999988317489624
3755,0.22078116238117218
3756,0.999701201915741
3757,0.9759363532066345
3758,0.9905179142951965
3759,0.0037753793876618147
3760,0.9781469702720642
3761,1.0
3762,6.0694281273754314e-05
3763,0.05783689767122269
3764,0.26632800698280334
3765,0.9992005228996277
3766,0.7275959253311157
3767,0.0616946741938591
3768,1.5149805676628603e-06
3769,0.00160062441136688
3770,0.9965665340423584
3771,0.9561147093772888
3772,0.04241088405251503
3773,0.9920316934585571
3774,0.38115790486335754
3775,0.12236247956752777
3776,0.01560056023299694
3777,0.013180072419345379
3778,1.0
3779,4.764816594615695e-07
3780,0.9646695256233215
3781,0.0031311113853007555
3782,0.5132522583007812
3783,0.9998897314071655
3784,0.9955803751945496
3785,0.9257296919822693
3786,0.3492106795310974
3787,0.9641039967536926
3788,0.218115895986557
3789,0.9999998807907104
3790,0.9343957304954529
3791,0.3530934751033783
3792,0.041360531002283096
3793,0.15489141643047333
3794,0.4332146942615509
3795,0.4685221314430237
3796,0.4179828464984894
3797,0.9168961644172668
3798,0.002203152049332857
3799,0.9999998807907104
3800,0.002281682565808296
3801,1.0
3802,0.1983484923839569
3803,0.9346356987953186
3804,0.020076092332601547
3805,0.6651912927627563
3806,0.9995279312133789
3807,0.9802667498588562
3808,1.0
3809,0.9628824591636658
3810,0.5153407454490662
3811,0.9999734163284302
3812,0.9999986886978149
3813,0.8888974785804749
3814,0.13494665920734406
3815,8.68208589963615e-05
3816,0.8872721195220947
3817,0.11741938441991806
3818,0.47846144437789917
3819,0.053696561604738235
3820,0.999567449092865
3821,1.749037801346276e-05
3822,0.00012074286496499553
3823,0.26071345806121826
3824,0.940474271774292
3825,0.016676155850291252
3826,0.14337119460105896
3827,0.7927395105361938
3828,0.5204362273216248
3829,0.9999992847442627
3830,0.026996422559022903
3831,0.9435227513313293
3832,0.03155578672885895
3833,0.9237748384475708
3834,4.631106548913522e-06
3835,1.8577883054149424e-07
3836,0.36265137791633606
3837,0.9333075881004333
3838,0.48317694664001465
3839,0.989300012588501
3840,0.0012067875359207392
3841,0.1681065559387207
3842,0.00015422978322021663
3843,0.00954047404229641
3844,0.615299642086029
3845,0.021944858133792877
3846,0.7830767631530762
3847,0.007524306420236826
3848,0.2024511694908142
3849,0.998619794845581
3850,0.010145331732928753
3851,0.9721010327339172
3852,8.549964695703238e-05
3853,0.9981651902198792
3854,2.033950477198232e-05
3855,0.9803220629692078
3856,0.0002177396963816136
3857,0.0006761643453501165
3858,0.9576501250267029
3859,0.0008946633315645158
3860,0.8695725202560425
3861,2.6172138234414888e-08
3862,0.12025488168001175
3863,0.0014461632817983627
3864,0.14585046470165253
3865,0.0008473554044030607
3866,0.04334241524338722
3867,0.9999997615814209
3868,5.3168704994277505e-08
3869,1.1611044783421676e-06
3870,0.3708052337169647
3871,0.5995750427246094
3872,0.001519789919257164
3873,0.007231042254716158
3874,0.9999988079071045
3875,0.9999942779541016
3876,2.3984950914268666e-08
3877,0.8987448215484619
3878,0.5760828256607056
3879,0.8763647675514221
3880,2.533946098992601e-05
3881,0.07222999632358551
3882,0.053503621369600296
3883,0.060742296278476715
3884,0.9998020529747009
3885,9.26510983845219e-05
3886,0.015270118601620197
3887,0.5918691754341125
3888,0.2044224590063095
3889,0.04097411036491394
3890,0.7971420288085938
3891,0.5070130228996277
3892,0.010009831748902798
3893,0.39467403292655945
3894,0.9999959468841553
3895,0.21367669105529785
3896,0.0010305192554369569
3897,0.9044676423072815
3898,0.00023875788610894233
3899,0.978015124797821
3900,0.20888902246952057
3901,4.7768618969712406e-05
3902,0.17954857647418976
3903,1.5714561873991784e-09
3904,0.9999943971633911
3905,0.012941556051373482
3906,0.8692606687545776
3907,0.9995692372322083
3908,0.9958776235580444
3909,0.999108612537384
3910,0.9963003396987915
3911,0.011202496476471424
3912,0.775675356388092
3913,0.9392162561416626
3914,0.9995573163032532
3915,0.999997615814209
3916,0.7081786394119263
3917,0.99826580286026
3918,0.9139427542686462
3919,0.9998832941055298
3920,1.3950281072538928e-06
3921,0.9953521490097046
3922,0.06943133473396301
3923,0.7159858345985413
3924,1.0
3925,0.9902340173721313
3926,0.06936300545930862
3927,0.9476305842399597
3928,0.911498486995697
3929,0.18817414343357086
3930,0.9582569599151611
3931,0.914966344833374
3932,0.0009059521835297346
3933,0.14047397673130035
3934,0.03228021785616875
3935,0.0006804528529755771
3936,0.06786302477121353
3937,0.7350219488143921
3938,0.0002594252582639456
3939,0.7560701966285706
3940,0.9997699856758118
3941,0.8752365112304688
3942,0.9997941851615906
3943,0.9997226595878601
3944,0.42478126287460327
3945,0.9999794960021973
3946,0.14657416939735413
3947,0.9254396557807922
3948,0.9999992847442627
3949,0.9679768085479736
3950,0.9753073453903198
3951,0.00030715949833393097
3952,0.6156194806098938
3953,0.00029736594296991825
3954,0.6049519777297974
3955,0.9958336353302002
3956,0.9999994039535522
3957,0.0007164269918575883
3958,0.022387808188796043
3959,6.0901140386704355e-05
3960,0.5707349181175232
3961,0.999413013458252
3962,0.01344988401979208
3963,0.18859663605690002
3964,1.1035195711883716e-05
3965,0.028684047982096672
3966,0.9872948527336121
3967,0.25376027822494507
3968,0.9999997615814209
3969,0.10983022302389145
3970,0.9998838901519775
3971,0.021013667806982994
3972,0.8982345461845398
3973,0.14531101286411285
3974,0.6139939427375793
3975,0.026370231062173843
3976,0.054552920162677765
3977,0.004913890268653631
3978,0.001211086055263877
3979,0.9983823299407959
3980,0.02626180090010166
3981,0.9999988079071045
3982,0.12347834557294846
3983,0.0001717959821689874
3984,0.8775734901428223
3985,0.9998705387115479
3986,0.052085746079683304
3987,0.9327855706214905
3988,0.8757232427597046
3989,0.9999872446060181
3990,0.007430957164615393
3991,0.9979050159454346
3992,0.040883228182792664
3993,0.5607811808586121
3994,0.00013414613204076886
3995,0.02387595921754837
3996,0.9523265957832336
3997,0.9118750095367432
3998,0.9975161552429199
3999,0.10285715013742447
4000,0.004598026163876057
4001,0.20546147227287292
4002,0.3474407494068146
4003,0.020832106471061707
4004,0.9748483300209045
4005,0.0029781826306134462
4006,0.7799731492996216
4007,0.00332706980407238
4008,0.08869672566652298
4009,0.6167207360267639
4010,0.30541715025901794
4011,0.8802191019058228
4012,0.002468792023137212
4013,0.0030406436417251825
4014,0.0018417536048218608
4015,0.004800405818969011
4016,0.0080138323828578
4017,0.19453051686286926
4018,7.938590897538234e-06
4019,8.105740562314168e-05
4020,0.8469837307929993
4021,0.9514590501785278
4022,0.0044555081985890865
4023,0.9998595714569092
4024,0.9938761591911316
4025,0.9999998807907104
4026,0.9069705009460449
4027,0.9936184883117676
4028,0.9074511528015137
4029,0.006922392640262842
4030,0.0007945823017507792
4031,0.8886102437973022
4032,0.3290582299232483
4033,0.30084654688835144
4034,0.3339044451713562
4035,2.8803917302866466e-05
4036,0.8419564962387085
4037,0.018115753307938576
4038,0.01906682923436165
4039,0.11695387959480286
4040,0.9994958639144897
4041,0.9997441172599792
4042,0.9999909400939941
4043,0.9722617268562317
4044,0.9974139928817749
4045,0.8955236077308655
4046,0.007003353908658028
4047,1.9266444724053144e-05
4048,0.00021015082893427461
4049,0.9974839687347412
4050,0.1339758336544037
4051,0.17766909301280975
4052,0.11699086427688599
4053,0.9638246297836304
4054,0.9990259408950806
4055,0.682526707649231
4056,0.011499445885419846
4057,0.014964381232857704
4058,0.006590072065591812
4059,0.561713695526123
4060,0.06141100823879242
4061,0.6395032405853271
4062,0.0014887459110468626
4063,0.2379041463136673
4064,1.4373757721841685e-06
4065,0.48949992656707764
4066,0.5033349394798279
4067,0.7240456938743591
4068,0.39575624465942383
4069,0.9981784820556641
4070,0.3440054655075073
4071,0.7573369741439819
4072,0.9997596144676208
4073,0.9998182654380798
4074,0.0016643591225147247
4075,0.001107661286368966
4076,0.04022853448987007
4077,0.9935168027877808
4078,0.9971045851707458
4079,1.1969150364166126e-05
4080,0.9994933605194092
4081,0.01628027856349945
4082,0.16786658763885498
4083,0.9999992847442627
4084,3.087607547058724e-05
4085,0.7009204626083374
4086,0.9989833235740662
4087,5.238584677158542e-08
4088,6.490623491117731e-05
4089,0.9967984557151794
4090,0.153592050075531
4091,0.9909853935241699
4092,0.9999387264251709
4093,0.009951872751116753
4094,0.021798644214868546
4095,0.999777615070343
4096,0.030732979997992516
4097,6.979838235166014e-11
4098,0.43036651611328125
4099,0.9436302781105042
4100,0.0009015159448608756
4101,0.027473244816064835
4102,0.9996904134750366
4103,0.03126445785164833
4104,0.8722857236862183
4105,0.014245343394577503
4106,0.005733431316912174
4107,0.9943327903747559
4108,0.4116239845752716
4109,0.7476577758789062
4110,0.9998558759689331
4111,3.757275771931745e-05
4112,0.002034131670370698
4113,0.9988730549812317
4114,0.2948877513408661
4115,0.43592584133148193
4116,0.9999996423721313
4117,0.05957137048244476
4118,0.6081756353378296
4119,5.162635249855718e-11
4120,5.78941690037027e-05
4121,0.9999339580535889
4122,0.4048684537410736
4123,0.1844368726015091
4124,0.00011027638538507745
4125,0.9850378632545471
4126,0.9985197186470032
4127,0.024488361552357674
4128,0.0008270153775811195
4129,0.9962617754936218
4130,0.9961252808570862
4131,0.8076223731040955
4132,0.05475291237235069
4133,0.0005440081004053354
4134,0.11578771471977234
4135,0.9343098998069763
4136,0.774997353553772
4137,0.0464373379945755
4138,0.9877243041992188
4139,0.0017126521561294794
4140,0.0003795898810494691
4141,0.9999808073043823
4142,0.7931014895439148
4143,0.9992967844009399
4144,0.9877168536186218
4145,0.9657455682754517
4146,6.531130929943174e-05
4147,0.1566402167081833
4148,0.0005109835765324533
4149,0.23265087604522705
4150,0.07824382930994034
4151,0.07667452096939087
4152,0.4097254276275635
4153,0.00027176568983122706
4154,0.00182022200897336
4155,0.9881854057312012
4156,0.17864803969860077
4157,0.11859986931085587
4158,0.0031338240951299667
4159,0.14275288581848145
4160,0.030017593875527382
4161,0.9904246926307678
4162,0.017093142494559288
4163,0.8195205330848694
4164,0.9999823570251465
4165,0.9999698400497437
4166,0.9999946355819702
4167,0.7470799088478088
4168,0.3767499327659607
4169,0.007654439192265272
4170,0.9831626415252686
4171,0.9904515743255615
4172,0.20806723833084106
4173,0.6828928589820862
4174,0.8878036141395569
4175,0.9999217987060547
4176,0.33274608850479126
4177,0.9996048808097839
4178,0.9997854828834534
4179,0.8846352100372314
4180,0.8565360307693481
4181,0.0005371995503082871
4182,0.00036596451536752284
4183,0.00023770191182848066
4184,0.7109203338623047
4185,0.0012693136231973767
4186,0.9932326078414917
4187,0.10898904502391815
4188,0.00029786446248181164
4189,0.006370050832629204
4190,0.057201843708753586
4191,0.7746159434318542
4192,0.9008732438087463
4193,0.9725013375282288
4194,1.0
4195,0.06644617021083832
4196,0.30924874544143677
4197,0.014822607859969139
4198,0.3499284088611603
4199,0.8917579054832458
4200,0.06441417336463928
4201,0.12935946881771088
4202,0.03016606532037258
4203,0.9790193438529968
4204,0.003631885861977935
4205,0.0087749557569623
4206,0.12056806683540344
4207,7.137910870369524e-05
4208,0.7784591913223267
4209,0.006267494056373835
4210,0.9091439843177795
4211,0.17214281857013702
4212,0.1786392629146576
4213,0.003768960712477565
4214,0.007646647747606039
4215,0.9399427175521851
4216,0.4850955605506897
4217,0.022467387840151787
4218,0.9999303817749023
4219,0.9861378073692322
4220,0.04648702219128609
4221,2.6825216536963126e-06
4222,0.03943562135100365
4223,0.13339850306510925
4224,0.021128810942173004
4225,0.059601861983537674
4226,2.425375350867398e-05
4227,0.9120253920555115
4228,0.0024464596062898636
4229,0.9896913170814514
4230,0.9969521760940552
4231,0.8205790519714355
4232,0.001133462181314826
4233,0.09240470081567764
4234,0.45451492071151733
4235,0.07210100442171097
4236,0.7548211216926575
4237,0.13854201138019562
4238,0.6469002366065979
4239,0.7047430276870728
4240,0.006928833667188883
4241,0.0003336345253046602
4242,0.998481810092926
4243,0.9985161423683167
4244,0.10184257477521896
4245,1.0
4246,0.6623579263687134
4247,0.9565905928611755
4248,0.9993901252746582
4249,0.00019763472664635628
4250,6.076754175410315e-07
4251,0.4108108580112457
4252,0.7621549367904663
4253,0.06913089007139206
4254,0.17361107468605042
4255,0.9999990463256836
4256,0.7339949607849121
4257,0.02839178964495659
4258,0.9999256134033203
4259,0.7625348567962646
4260,0.9630841016769409
4261,0.9712349772453308
4262,0.9701560139656067
4263,0.0007468562689609826
4264,0.9892067909240723
4265,0.9531036019325256
4266,0.6947407126426697
4267,0.9900272488594055
4268,0.9746934175491333
4269,4.6268149844763684e-07
4270,0.0009052446112036705
4271,0.00013681373093277216
4272,0.9999873638153076
4273,0.8750198483467102
4274,0.9999884366989136
4275,0.7579482793807983
4276,0.004689094144850969
4277,6.612373545067385e-05
4278,0.011040153913199902
4279,0.0034082361962646246
4280,0.8807426691055298
4281,0.00017999899864662439
4282,0.994867205619812
4283,0.007271542679518461
4284,0.0028748793993145227
4285,5.2679042710224167e-05
4286,0.9625056385993958
4287,0.592205286026001
4288,0.00014006628771312535
4289,0.9884459972381592
4290,0.9335443377494812
4291,0.0032517078798264265
4292,0.02163907326757908
4293,0.0006322743138298392
4294,0.4115352928638458
4295,0.9938827753067017
4296,1.4462044418905862e-05
4297,0.8907211422920227
4298,0.018752429634332657
4299,0.9987163543701172
4300,0.9939538836479187
4301,0.00406115036457777
4302,0.9999998807907104
4303,0.8686683773994446
4304,1.0
4305,0.0981256440281868
4306,0.005864387843757868
4307,0.4422517418861389
4308,1.7940548104888876e-06
4309,0.6781840920448303
4310,0.046174436807632446
4311,0.2743084728717804
4312,0.7465130090713501
4313,0.9975816011428833
4314,0.9918890595436096
4315,0.13291512429714203
4316,0.9999732971191406
4317,0.9630793333053589
4318,0.0035305859055370092
4319,0.2880944013595581
4320,0.4969072639942169
4321,0.7591747641563416
4322,0.548520028591156
4323,0.9772217273712158
4324,0.007033265195786953
4325,0.8960053324699402
4326,0.528731107711792
4327,1.0
4328,0.06806378811597824
4329,0.21115270256996155
4330,0.9999579191207886
4331,0.00018198619363829494
4332,0.00736130541190505
4333,0.2698844075202942
4334,0.026593144983053207
4335,0.9976857900619507
4336,0.9991255402565002
4337,0.2321625053882599
4338,0.0030020757112652063
4339,0.00240731262601912
4340,0.43691498041152954
4341,0.3373001515865326
4342,0.9991428852081299
4343,0.00029929119045846164
4344,0.998755693435669
4345,0.06018789857625961
4346,0.3931082785129547
4347,0.9634959101676941
4348,0.014202331192791462
4349,0.5660198926925659
4350,0.9999964237213135
4351,0.004220487084239721
4352,0.9994738698005676
4353,0.055435240268707275
4354,0.9106910228729248
4355,0.0008985063759610057
4356,0.3336135447025299
4357,0.7864266633987427
4358,0.5176393985748291
4359,0.8353453278541565
4360,0.0011886905413120985
4361,0.16456563770771027
4362,0.9999890327453613
4363,0.001769065740518272
4364,0.00972349289804697
4365,0.00032865037792362273
4366,0.28260403871536255
4367,0.948974072933197
4368,0.02611422911286354
4369,0.9785462021827698
4370,0.820968508720398
4371,0.470056414604187
4372,0.003435875754803419
4373,0.014138258062303066
4374,0.0003979422908741981
4375,0.8247122168540955
4376,0.011388618499040604
4377,0.0005274852737784386
4378,0.9879080653190613
4379,0.008316686376929283
4380,0.052630987018346786
4381,0.005248148925602436
4382,0.8468455076217651
4383,0.9929288029670715
4384,0.9659019112586975
4385,0.9999978542327881
4386,0.07891274988651276
4387,0.03551560640335083
4388,0.9992026686668396
4389,0.0018554474227130413
4390,0.8752079010009766
4391,0.6366822123527527
4392,0.0024563404731452465
4393,0.9435984492301941
4394,0.23615717887878418
4395,0.03784409537911415
4396,0.7825605869293213
4397,0.9999998807907104
4398,1.3414743307293975e-06
4399,0.34692928194999695
4400,0.9999617338180542
4401,0.7673935890197754
4402,0.003458356950432062
4403,3.1575807952322066e-05
4404,0.999920129776001
4405,0.9999997615814209
4406,0.6921493411064148
4407,0.9994286894798279
4408,0.9972251653671265
4409,0.9292716979980469
4410,0.9482206106185913
4411,0.9998737573623657
4412,0.008918019942939281
4413,0.9893397688865662
4414,0.09558656066656113
4415,0.9941698312759399
4416,0.9862105250358582
4417,0.9988120794296265
4418,0.6204444766044617
4419,0.05882170423865318
4420,0.8629093170166016
4421,0.9997599720954895
4422,0.995518684387207
4423,0.039185527712106705
4424,0.9999998807907104
4425,0.05199098959565163
4426,0.6020616888999939
4427,0.9470481872558594
4428,0.003003283403813839
4429,0.9999537467956543
4430,0.9999994039535522
4431,0.037725988775491714
4432,0.9912106990814209
4433,6.290646069828654e-06
4434,0.9998797178268433
4435,0.0016535792965441942
4436,0.9510521292686462
4437,0.6566105484962463
4438,0.6298642754554749
4439,0.9999887943267822
4440,6.537423380414964e-10
4441,2.728514482441824e-05
4442,0.04332457110285759
4443,0.025018565356731415
4444,0.07141273468732834
4445,0.0001612733758520335
4446,0.0037149747367948294
4447,0.9939209222793579
4448,0.020709680393338203
4449,0.004509739112108946
4450,0.007170001044869423
4451,0.917773962020874
4452,0.6489688754081726
4453,0.17412903904914856
4454,0.5331786870956421
4455,0.04577133432030678
4456,0.708095908164978
4457,0.9999997615814209
4458,0.030576422810554504
4459,0.0012323292903602123
4460,0.0022154608741402626
4461,0.5444058179855347
4462,0.0034426094498485327
4463,0.0012721422826871276
4464,0.995976984500885
4465,0.9774404764175415
4466,0.010438036173582077
4467,0.9999998807907104
4468,0.8747135400772095
4469,0.9522470235824585
4470,0.023369677364826202
4471,0.9944806098937988
4472,0.3945883512496948
4473,0.9998714923858643
4474,9.823749132920057e-05
4475,0.07153600454330444
4476,0.7990291714668274
4477,0.0030058373231440783
4478,0.13439474999904633
4479,0.02799033373594284
4480,0.4851088225841522
4481,0.0007494857418350875
4482,0.0017897894140332937
4483,0.9974470138549805
4484,0.14211538434028625
4485,0.005804837215691805
4486,0.9175636172294617
4487,3.138568717986345e-05
4488,0.0003787976747844368
4489,0.12267698347568512
4490,0.9904496073722839
4491,0.9918376803398132
4492,1.0
4493,0.5406795740127563
4494,0.9269911646842957
4495,0.00476990919560194
4496,0.20797127485275269
4497,2.674672577995807e-05
4498,0.9968157410621643
4499,0.5492716431617737
4500,0.43761804699897766
4501,0.023580942302942276
4502,0.8956742286682129
4503,0.007973195984959602
4504,0.0012114997953176498
4505,0.9506610035896301
4506,0.7663559913635254
4507,0.002972123445942998
4508,0.7487564086914062
4509,0.03909303620457649
4510,1.438668704167867e-07
4511,0.9494175314903259
4512,0.01014855969697237
4513,0.016394957900047302
4514,0.6458452939987183
4515,0.0035206053871661425
4516,0.6679908037185669
4517,0.0009943438926711679
4518,0.7637490034103394
4519,0.027742648497223854
4520,0.8446622490882874
4521,0.0017140384297817945
4522,0.022688008844852448
4523,0.004412810783833265
4524,0.0003471433883532882
4525,0.001347930752672255
4526,0.5319324135780334
4527,0.9999274015426636
4528,0.09821542352437973
4529,0.0007220322731882334
4530,0.10280132293701172
4531,0.993871808052063
4532,0.02426031231880188
4533,0.0028027764055877924
4534,0.005920050200074911
4535,0.9420992136001587
4536,0.018196498975157738
4537,0.14194977283477783
4538,0.028433362022042274
4539,0.9999778270721436
4540,0.1461481750011444
4541,0.9944361448287964
4542,0.2150133103132248
4543,0.6558790802955627
4544,6.467214552685618e-05
4545,1.8484586234990275e-06
4546,0.025852195918560028
4547,0.8404117822647095
4548,0.9885351061820984
4549,5.004664558327931e-07
4550,0.0035727948416024446
4551,0.9655663967132568
4552,0.0026087425649166107
4553,0.0018887600162997842
4554,0.9926447868347168
4555,0.9784780740737915
4556,2.98126519737707e-06
4557,0.0040650805458426476
4558,0.9999926090240479
4559,0.7896997928619385
4560,0.0004983213730156422
4561,5.443026029894327e-09
4562,0.9985068440437317
4563,0.010270802304148674
4564,0.03961706534028053
4565,0.007991377264261246
4566,0.9955376386642456
4567,0.7848674058914185
4568,0.009616116061806679
4569,0.8433173894882202
4570,0.6805211901664734
4571,0.9774580001831055
4572,0.00015069611254148185
4573,0.07203038036823273
4574,0.6132997870445251
4575,0.7784767150878906
4576,3.895008558174595e-05
4577,0.9989230036735535
4578,0.9872704744338989
4579,0.024547915905714035
4580,0.9519990086555481
4581,0.03671949356794357
4582,0.3421463668346405
4583,0.01257653720676899
4584,3.549032498995075e-06
4585,0.9673182368278503
4586,0.9983751773834229
4587,0.017145294696092606
4588,0.9461037516593933
4589,0.0063166930340230465
4590,0.9257610440254211
4591,0.06670321524143219
4592,4.393326162244193e-05
4593,0.9689095616340637
4594,0.9061669111251831
4595,0.0020939211826771498
4596,0.9999786615371704
4597,0.03654571250081062
4598,0.9999181032180786
4599,0.9500887393951416
4600,0.001287876395508647
4601,0.0019675788935273886
4602,0.8010894060134888
4603,1.0
4604,0.0167594775557518
4605,0.21024221181869507
4606,0.9999648332595825
4607,0.11508040875196457
4608,3.82697317036218e-06
4609,6.607999239349738e-05
4610,2.629779373819474e-06
4611,0.08895973861217499
4612,0.7091007232666016
4613,0.40075185894966125
4614,0.0016100829234346747
4615,0.8815708160400391
4616,1.0
4617,0.4113130569458008
4618,0.33027589321136475
4619,0.21495209634304047
4620,0.016666313633322716
4621,0.09630956500768661
4622,0.7428136467933655
4623,0.9999510049819946
4624,0.09987083077430725
4625,0.3175733983516693
4626,0.9423063397407532
4627,0.9999692440032959
4628,0.9998960494995117
4629,1.698576488706749e-05
4630,0.8273261189460754
4631,0.9956797361373901
4632,0.002127087675035
4633,0.1185644268989563
4634,0.010199966840445995
4635,0.9993354678153992
4636,0.7312934398651123
4637,0.03547618165612221
4638,0.1770402193069458
4639,0.6859211921691895
4640,0.9988642930984497
4641,0.9636864066123962
4642,0.20289397239685059
4643,0.9993246793746948
4644,0.06812512874603271
4645,0.002258620923385024
4646,0.4686189591884613
4647,0.9999488592147827
4648,3.3919695852091536e-07
4649,0.7532969117164612
4650,0.34274449944496155
4651,0.9999195337295532
4652,0.9014564156532288
4653,2.1665515305357985e-05
4654,0.9443851709365845
4655,1.0687261237762868e-05
4656,0.9998599290847778
4657,0.008578888140618801
4658,1.9893388980563032e-07
4659,0.05278244614601135
4660,0.10735169798135757
4661,4.807833192899125e-06
4662,0.000259682594332844
4663,0.5582271814346313
4664,0.9965832829475403
4665,0.9998458623886108
4666,0.17105934023857117
4667,1.0
4668,1.0
4669,0.7118067741394043
4670,0.16414682567119598
4671,0.999760091304779
4672,0.04804245010018349
4673,0.17940306663513184
4674,0.9964691400527954
4675,0.9170881509780884
4676,0.9988320469856262
4677,0.9938406944274902
4678,0.003076573135331273
4679,0.7214986681938171
4680,0.029120396822690964
4681,0.0001636421657167375
4682,9.598555152479094e-06
4683,2.0401296296768123e-06
4684,0.9999861717224121
4685,0.997669517993927
4686,1.981889425906047e-07
4687,0.06947050988674164
4688,0.5854172110557556
4689,1.0
4690,0.13555382192134857
4691,0.8267723321914673
4692,4.1497092752251774e-05
4693,0.9962723255157471
4694,5.855863037140807e-06
4695,0.001852228888310492
4696,0.00338763021863997
4697,8.068599709076807e-05
4698,0.024716302752494812
4699,0.7919629812240601
4700,0.969223141670227
4701,0.001343766343779862
4702,0.2663836181163788
4703,0.0020929756574332714
4704,0.12216716259717941
4705,0.8875735998153687
4706,0.0005735286395065486
4707,0.9616133570671082
4708,0.127573624253273
4709,0.025190910324454308
4710,0.9998908042907715
4711,0.9833658337593079
4712,0.00012972061813343316
4713,0.1494012326002121
4714,0.88559490442276
4715,0.8205037713050842
4716,0.7562203407287598
4717,0.9991922974586487
4718,0.764746904373169
4719,0.08450077474117279
4720,1.0
4721,0.7552964091300964
4722,0.17351500689983368
4723,0.9035903811454773
4724,0.9611231684684753
4725,0.3441521227359772
4726,0.8896682262420654
4727,0.5783827900886536
4728,0.23147092759609222
4729,0.750449001789093
4730,0.9683069586753845
4731,0.9817538857460022
4732,0.9808613657951355
4733,0.015498009510338306
4734,0.012481826357543468
4735,0.004905519541352987
4736,0.5085912346839905
4737,0.999969482421875
4738,0.0005986556061543524
4739,0.04786263778805733
4740,0.09529227018356323
4741,5.698193945136154e-06
4742,1.9744291421375237e-05
4743,0.25785839557647705
4744,0.3036990463733673
4745,0.6600584983825684
4746,0.9600613713264465
4747,0.012395530007779598
4748,0.5035042762756348
4749,0.153691366314888
4750,0.7298600077629089
4751,0.1079474464058876
4752,0.0070395092479884624
4753,0.08354736119508743
4754,0.2727176547050476
4755,0.9953052997589111
4756,0.5822816491127014
4757,0.9808774590492249
4758,0.034759677946567535
4759,0.3135705590248108
4760,0.0007375687710009515
4761,0.00027006841264665127
4762,2.2044036086299457e-05
4763,0.9998877048492432
4764,1.290662112296559e-05
4765,0.9999996423721313
4766,0.00046179641503840685
4767,0.9999998807907104
4768,0.001109875156544149
4769,0.060195647180080414
4770,0.16837084293365479
4771,0.19485487043857574
4772,1.0
4773,0.9999948740005493
4774,0.37787678837776184
4775,0.01629498042166233
4776,0.001103983260691166
4777,0.01789802312850952
4778,0.7764878869056702
4779,0.32634681463241577
4780,0.9965031147003174
4781,8.26182440505363e-05
4782,0.9999998807907104
4783,0.7855393290519714
4784,0.9999994039535522
4785,0.023945290595293045
4786,0.38128307461738586
4787,0.9999972581863403
4788,0.9999996423721313
4789,0.2634720802307129
4790,0.9999998807907104
4791,0.37771540880203247
4792,0.9994580149650574
4793,0.0009513991535641253
4794,0.8526413440704346
4795,0.9997532963752747
4796,7.556689524790272e-06
4797,0.9892299771308899
4798,0.010031960904598236
4799,0.9984899759292603
4800,0.9996719360351562
4801,0.9985806941986084
4802,0.03224537894129753
4803,0.9998650550842285
4804,0.24687807261943817
4805,0.994301438331604
4806,0.025136029347777367
4807,0.661781370639801
4808,0.9999997615814209
4809,0.011649062857031822
4810,0.2281811386346817
4811,0.8313029408454895
4812,0.8720413446426392
4813,5.8516146594911334e-08
4814,0.9999769926071167
4815,0.9954627156257629
4816,0.9831573367118835
4817,0.10048743337392807
4818,0.8850153088569641
4819,0.002065260661765933
4820,0.9994598031044006
4821,0.9218919277191162
4822,0.6551727056503296
4823,0.9999727010726929
4824,0.9995582699775696
4825,0.9997896552085876
4826,0.9999998807907104
4827,0.9991253018379211
4828,0.1197836697101593
4829,0.00013388875231612474
4830,4.186500154901296e-05
4831,0.00011480106331873685
4832,0.043226782232522964
4833,0.042874060571193695
4834,0.9713010191917419
4835,0.5829966068267822
4836,0.9401137828826904
4837,7.978926408469533e-10
4838,0.07881087809801102
4839,0.01276705227792263
4840,1.0
4841,0.7500531077384949
4842,0.9878864288330078
4843,0.4018687605857849
4844,0.007364322431385517
4845,0.2963438332080841
4846,0.05352103337645531
4847,0.9988723397254944
4848,0.0026659981813281775
4849,0.9989161491394043
4850,0.9988048076629639
4851,0.11137164384126663
4852,0.9999819993972778
4853,0.009267294779419899
4854,0.9999637603759766
4855,0.004415526986122131
4856,0.046691857278347015
4857,0.9208852648735046
4858,1.0
4859,0.0008929281611926854
4860,0.9993484616279602
4861,0.9698173999786377
4862,0.40391603112220764
4863,0.024867605417966843
4864,0.11571972072124481
4865,0.9879201650619507
4866,3.1044512525113532e-06
4867,0.9387099742889404
4868,0.30605190992355347
4869,0.5960561633110046
4870,1.0
4871,0.9982831478118896
4872,0.939696729183197
4873,0.8262362480163574
4874,0.999943733215332
4875,0.9999969005584717
4876,0.7623322606086731
4877,1.3688852504856186e-06
4878,0.08011585474014282
4879,0.8610550165176392
4880,0.5303300619125366
4881,0.01011037826538086
4882,0.0005480553954839706
4883,0.11768850684165955
4884,0.0005099533009342849
4885,0.6406962871551514
4886,0.001284262863919139
4887,0.36560261249542236
4888,0.762815535068512
4889,0.9857036471366882
4890,0.0378074087202549
4891,0.04090576246380806
4892,0.012090670876204967
4893,0.21893659234046936
4894,0.4738733470439911
4895,0.7268071174621582
4896,0.14260883629322052
4897,0.31947723031044006
4898,0.07104329764842987
4899,0.0015445947647094727
4900,0.034613270312547684
4901,0.024866512045264244
4902,0.022188978269696236
4903,0.6523306965827942
4904,0.043843578547239304
4905,0.008613014593720436
4906,1.2107187103538308e-05
4907,0.001062777009792626
4908,0.033827703446149826
4909,0.47988054156303406
4910,0.5599563717842102
4911,1.0
4912,0.4417473077774048
4913,0.0026218958664685488
4914,0.9957679510116577
4915,0.9022855162620544
4916,0.0027416390366852283
4917,0.3020399808883667
4918,0.11558504402637482
4919,0.22786752879619598
4920,4.139006705372594e-05
4921,0.7064751982688904
4922,0.04548822343349457
4923,0.0036569300573319197
4924,0.7356314063072205
4925,0.0475296713411808
4926,0.9991257786750793
4927,0.09780271351337433
4928,9.299145631302963e-07
4929,0.9726542830467224
4930,0.029893068596720695
4931,0.49454623460769653
4932,0.18384616076946259
4933,0.015077910386025906
4934,0.0018065039766952395
4935,0.6141754388809204
4936,0.8011510372161865
4937,0.999570906162262
4938,0.9999922513961792
4939,0.8167052865028381
4940,0.5162137150764465
4941,0.9703495502471924
4942,0.9420615434646606
4943,0.0013429627288132906
4944,0.30714166164398193
4945,0.29301705956459045
4946,0.9999462366104126
4947,0.2512941062450409
4948,0.22741419076919556
4949,0.011978507041931152
4950,0.0651310607790947
4951,0.6024166941642761
4952,0.0606963187456131
4953,0.9991158843040466
4954,0.9481688141822815
4955,0.9961238503456116
4956,0.017967859283089638
4957,0.0006057635764591396
4958,0.007331660483032465
4959,0.6417371034622192
4960,0.028377823531627655
4961,2.017576298385393e-05
4962,0.9895060658454895
4963,0.9892703294754028
4964,0.9764328598976135
4965,0.06334656476974487
4966,0.9998418092727661
4967,4.238801193423569e-05
4968,0.9256860017776489
4969,0.33709532022476196
4970,5.254470747395601e-10
4971,0.9937434792518616
4972,0.00025703999563120306
4973,0.9999947547912598
4974,0.9776351451873779
4975,1.7271288015763275e-05
4976,0.9422785043716431
4977,0.001227469416335225
4978,0.0016076862812042236
4979,0.9261702299118042
4980,0.9853391647338867
4981,0.7994713187217712
4982,0.9947006702423096
4983,7.474456964473575e-08
4984,0.9316328167915344
4985,0.3650357127189636
4986,0.9999959468841553
4987,6.436591348801812e-08
4988,0.9999983310699463
4989,0.9992178678512573
4990,0.00042248188401572406
4991,0.0009584424551576376
4992,0.33485767245292664
4993,0.9968017339706421
4994,0.04655783250927925
4995,0.19538240134716034
4996,0.6173361539840698
4997,0.22311367094516754
4998,0.9659042358398438
4999,0.9960532188415527
5000,0.9936398863792419
5001,0.10583323240280151
5002,0.08397471159696579
5003,0.969028651714325
5004,0.9687503576278687
5005,0.005904815625399351
5006,0.1352948546409607
5007,8.0050058386405e-06
5008,0.08921464532613754
5009,0.13323494791984558
5010,3.959028660460717e-09
5011,0.0947527289390564
5012,0.00020907697034999728
5013,0.2350248396396637
5014,0.06351614743471146
5015,0.9999786615371704
5016,0.006545872427523136
5017,0.3859046697616577
5018,0.010048767551779747
5019,0.007546029984951019
5020,0.8088405728340149
5021,0.9997400641441345
5022,0.9906739592552185
5023,0.00033561018062755466
5024,0.9999974966049194
5025,0.04058709740638733
5026,0.9798040390014648
5027,0.10061260312795639
5028,0.002585405483841896
5029,0.005745207890868187
5030,0.0016677029198035598
5031,0.08174120634794235
5032,0.5648177862167358
5033,0.999998927116394
5034,6.66917856051441e-07
5035,0.9906142950057983
5036,0.1475120633840561
5037,0.2904520630836487
5038,0.0006456880364567041
5039,0.9961003065109253
5040,0.6617929339408875
5041,0.9729793667793274
5042,0.019669070839881897
5043,0.042412471026182175
5044,0.015248749405145645
5045,0.9999963045120239
5046,0.9999994039535522
5047,0.12101978063583374
5048,0.8873132467269897
5049,0.9961493015289307
5050,0.6602860689163208
5051,0.003333090338855982
5052,0.3554854094982147
5053,0.12444394826889038
5054,0.002613824326545
5055,8.235285349655896e-05
5056,0.9876497387886047
5057,0.10587044060230255
5058,0.3355090022087097
5059,0.22705884277820587
5060,0.9990772008895874
5061,0.9676312208175659
5062,0.9618251323699951
5063,0.6020848751068115
5064,0.9815329909324646
5065,2.8685195502475835e-05
5066,0.9780943989753723
5067,0.8725739121437073
5068,0.05516617000102997
5069,0.8827850222587585
5070,0.997974693775177
5071,0.999995231628418
5072,0.8137432336807251
5073,0.6590155959129333
5074,1.6001322364900261e-06
5075,0.016968393698334694
5076,0.058758169412612915
5077,0.5022084712982178
5078,0.20481720566749573
5079,1.5422143405885436e-05
5080,0.9995840191841125
5081,1.0
5082,0.10477195680141449
5083,9.297957603848772e-07
5084,0.0762740820646286
5085,0.012150860391557217
5086,0.8994311690330505
5087,0.5561782717704773
5088,2.2729416741640307e-05
5089,0.999954342842102
5090,0.907143771648407
5091,0.010133080184459686
5092,0.6630329489707947
5093,0.07501984387636185
5094,0.8279280066490173
5095,0.03711925446987152
5096,0.9999233484268188
5097,9.373007924295962e-05
5098,0.6824822425842285
5099,0.96248859167099
5100,0.3250176012516022
5101,0.9910063147544861
5102,4.425308361533098e-05
5103,0.7582578659057617
5104,0.005742572247982025
5105,0.0013866059016436338
5106,0.0026911073364317417
5107,0.22984880208969116
5108,0.0003747690061572939
5109,0.0617225207388401
5110,0.00020042926189489663
5111,0.9741511940956116
5112,1.991760109376628e-05
5113,0.9276075959205627
5114,0.9981476068496704
5115,0.06549769639968872
5116,0.4348726272583008
5117,0.5127260684967041
5118,0.9998729228973389
5119,2.6552168037596857e-06
5120,0.9216729998588562
5121,0.9728073477745056
5122,6.1652077420149e-05
5123,0.9999949932098389
5124,0.004342187661677599
5125,0.0005056866793893278
5126,4.4592707126867026e-05
5127,0.980506181716919
5128,0.9998747110366821
5129,0.9828739762306213
5130,0.3528183400630951
5131,0.02270028553903103
5132,0.5320295095443726
5133,0.0009804373839870095
5134,0.19798991084098816
5135,0.954209566116333
5136,0.000395164213841781
5137,0.0002631795941852033
5138,0.004157104063779116
5139,0.21311232447624207
5140,0.4611063301563263
5141,0.24633441865444183
5142,0.23928561806678772
5143,0.9609909057617188
5144,0.021050332114100456
5145,0.9999991655349731
5146,0.9997687935829163
5147,0.86432945728302
5148,0.9999991655349731
5149,0.030241314321756363
5150,0.9999898672103882
5151,0.2573450803756714
5152,0.004437205847352743
5153,0.4909234046936035
5154,0.004729260690510273
5155,0.9999998807907104
5156,0.8683926463127136
5157,0.746660590171814
5158,0.7128103375434875
5159,0.498846173286438
5160,0.009281228296458721
5161,0.012842874974012375
5162,0.9949988126754761
5163,0.06570672243833542
5164,0.9999516010284424
5165,0.9872589707374573
5166,0.8922429084777832
5167,0.06605874747037888
5168,0.9808706641197205
5169,0.0002448077138978988
5170,0.03548457846045494
5171,0.9999996423721313
5172,0.9989878535270691
5173,0.9992778897285461
5174,0.8459989428520203
5175,0.7661594152450562
5176,0.999864935874939
5177,0.9968486428260803
5178,1.740123661875259e-05
5179,0.0029404463712126017
5180,0.9999994039535522
5181,0.06796710193157196
5182,0.00033346409327350557
5183,0.0018667848780751228
5184,0.6728694438934326
5185,0.0032479818910360336
5186,0.0027113056275993586
5187,1.0
5188,0.888494610786438
5189,0.9520477652549744
5190,0.00012977144797332585
5191,0.9937382936477661
5192,0.00036693899892270565
5193,0.06823612749576569
5194,0.6664916276931763
5195,0.008500508964061737
5196,0.00020615810353774577
5197,1.7850652511697263e-05
5198,0.39244845509529114
5199,0.18276044726371765
5200,0.9293971657752991
5201,0.5340523719787598
5202,6.616524478886276e-05
5203,0.9999980926513672
5204,0.015541940927505493
5205,0.010378465987741947
5206,0.006762963719666004
5207,0.7423362135887146
5208,0.001271748449653387
5209,0.032638732343912125
5210,0.18122684955596924
5211,3.980245821821882e-08
5212,0.2930312156677246
5213,0.012220226228237152
5214,0.003489375114440918
5215,0.8947305679321289
5216,0.005140840541571379
5217,0.11804856359958649
5218,0.007232188247144222
5219,0.0032265889458358288
5220,0.9999991655349731
5221,0.5202541947364807
5222,0.20363277196884155
5223,0.006753613706678152
5224,0.9995343685150146
5225,0.9942343831062317
5226,0.5728052258491516
5227,0.05004745349287987
5228,0.9695470333099365
5229,8.424888801528141e-05
5230,0.9739538431167603
5231,0.9963216781616211
5232,8.910420001484454e-05
5233,0.995934247970581
5234,0.980851411819458
5235,0.9881817698478699
5236,0.9999936819076538
5237,0.8145630955696106
5238,0.7359225749969482
5239,0.9999517202377319
5240,0.00015050769434310496
5241,0.05325709655880928
5242,0.9999982118606567
5243,0.002566907089203596
5244,0.870585024356842
5245,3.310879890250362e-07
5246,0.050644319504499435
5247,0.00015442873700521886
5248,0.3841363489627838
5249,0.02194269746541977
5250,0.023257430642843246
5251,0.9664615392684937
5252,0.00024001409474294633
5253,0.08673104643821716
5254,0.2762449383735657
5255,0.06412382423877716
5256,0.9998103976249695
5257,0.0018543738406151533
5258,0.8507006764411926
5259,0.020579149946570396
5260,0.11174219101667404
5261,0.001207279972732067
5262,0.0008971546776592731
5263,0.0007827631197869778
5264,1.0
5265,0.5140759348869324
5266,0.9999563694000244
5267,2.4402281269431114e-05
5268,0.07488562911748886
5269,8.733593404031126e-08
5270,0.0002467891899868846
5271,0.9892258048057556
5272,0.23738636076450348
5273,0.965133011341095
5274,0.9792138934135437
5275,0.42474550008773804
5276,0.027583811432123184
5277,0.7645816802978516
5278,2.88307128357701e-05
5279,0.20621317625045776
5280,0.13413874804973602
5281,0.0002721255295909941
5282,0.00010671840573195368
5283,0.03532683476805687
5284,0.005536881275475025
5285,6.0918509916518815e-06
5286,4.639093458536081e-05
5287,6.501499338895655e-10
5288,1.0
5289,0.5181988477706909
5290,0.3269006013870239
5291,0.5257753133773804
5292,0.9999998807907104
5293,0.9755375981330872
5294,0.0013503992231562734
5295,0.9990208148956299
5296,7.342080061789602e-05
5297,2.0462168777157785e-06
5298,0.8925985097885132
5299,0.9999768733978271
5300,0.387533038854599
5301,0.972126841545105
5302,0.9999966621398926
5303,0.01339905709028244
5304,0.7463249564170837
5305,0.7696443796157837
5306,0.9697665572166443
5307,0.9743583798408508
5308,0.967129647731781
5309,0.03154987096786499
5310,0.3192901611328125
5311,0.8304475545883179
5312,0.010592528618872166
5313,0.029306411743164062
5314,0.9992865920066833
5315,0.8395606875419617
5316,0.022442538291215897
5317,0.9999761581420898
5318,0.9998455047607422
5319,0.0997086688876152
5320,0.4130759537220001
5321,0.027714017778635025
5322,0.8068392276763916
5323,0.01410168781876564
5324,0.7768890857696533
5325,0.3266654312610626
5326,0.38841304183006287
5327,0.8775674700737
5328,0.9193511009216309
5329,0.0014936421066522598
5330,0.15709656476974487
5331,0.9996187686920166
5332,0.9999593496322632
5333,0.001674329279921949
5334,0.03206406533718109
5335,0.34344667196273804
5336,0.4423578679561615
5337,0.999968409538269
5338,0.003606831654906273
5339,0.9997848868370056
5340,0.9970837235450745
5341,0.02456623688340187
5342,8.284277282655239e-05
5343,0.9999853372573853
5344,0.5204096436500549
5345,0.0003447917406447232
5346,0.5041968822479248
5347,0.9343966841697693
5348,0.9998564720153809
5349,0.9931693077087402
5350,0.9998284578323364
5351,0.9799812436103821
5352,0.025583336129784584
5353,0.008188610896468163
5354,0.0029642630834132433
5355,0.0043361312709748745
5356,1.1894989029315184e-06
5357,0.49462130665779114
5358,0.9999994039535522
5359,0.934775710105896
5360,0.03487449884414673
5361,0.9999995231628418
5362,0.28002268075942993
5363,0.01845669001340866
5364,0.00857218261808157
5365,1.9910497940145433e-05
5366,0.30605030059814453
5367,0.12339252978563309
5368,9.325522682956944e-07
5369,0.991134524345398
5370,0.9637438058853149
5371,0.9999998807907104
5372,0.03851507604122162
5373,0.023590868338942528
5374,0.30610087513923645
5375,0.9999887943267822
5376,0.7531790137290955
5377,1.0
5378,0.09488751739263535
5379,8.304318907903507e-05
5380,0.9999827146530151
5381,0.9981827735900879
5382,0.9468071460723877
5383,0.0268445685505867
5384,0.9567805528640747
5385,0.9771265387535095
5386,1.0429285794089083e-05
5387,0.569879949092865
5388,0.9839280843734741
5389,0.15872909128665924
5390,0.32804155349731445
5391,0.058807533234357834
5392,6.189223495312035e-05
5393,0.07400330156087875
5394,1.0
5395,0.9935224652290344
5396,0.9999446868896484
5397,5.770147026851191e-07
5398,4.428598003869411e-06
5399,0.9999809265136719
5400,0.9853105545043945
5401,0.0023673984687775373
5402,0.9801944494247437
5403,0.9999924898147583
5404,0.3209088444709778
5405,0.7950720191001892
5406,0.9893046617507935
5407,0.9991951584815979
5408,9.656025213189423e-05
5409,0.8519041538238525
5410,0.2901129424571991
5411,0.015903105959296227
5412,0.252865731716156
5413,1.0
5414,0.691602349281311
5415,0.04017515480518341
5416,0.008990632370114326
5417,0.08769257366657257
5418,0.006936995778232813
5419,0.9985671043395996
5420,0.042660441249608994
5421,0.9588489532470703
5422,0.2699619233608246
5423,9.09662849153392e-05
5424,0.03359195217490196
5425,0.9874930381774902
5426,1.0
5427,0.9973983764648438
5428,0.9220126271247864
5429,0.008268903009593487
5430,0.35225751996040344
5431,0.22101369500160217
5432,0.9785851240158081
5433,0.5090839862823486
5434,0.9997089505195618
5435,0.4398135244846344
5436,0.6392049193382263
5437,0.9992129802703857
5438,0.859205424785614
5439,0.44673827290534973
5440,0.2669679820537567
5441,0.9955824017524719
5442,0.9710320234298706
5443,0.9979962706565857
5444,0.7556480765342712
5445,0.0032646534964442253
5446,0.999849796295166
5447,0.9309874176979065
5448,0.9993846416473389
5449,0.9983254075050354
5450,1.0
5451,0.5711180567741394
5452,0.020498182624578476
5453,2.337367988047845e-08
5454,0.9990248680114746
5455,0.9272176027297974
5456,0.8721418976783752
5457,0.8579342365264893
5458,0.7141492962837219
5459,0.9993174076080322
5460,0.03539980202913284
5461,0.0003351951017975807
5462,0.0070755877532064915
5463,0.7300640344619751
5464,0.9998241066932678
5465,0.9990639090538025
5466,0.08305515348911285
5467,0.9532175660133362
5468,0.9999687671661377
5469,0.9979433417320251
5470,0.8942069411277771
5471,0.871428370475769
5472,0.08182093501091003
5473,0.0365225151181221
5474,0.0006400604033842683
5475,0.05165589600801468
5476,0.019144129008054733
5477,0.13304850459098816
5478,0.8683598637580872
5479,0.9999560117721558
5480,0.021254895254969597
5481,0.9012282490730286
5482,0.9088910222053528
5483,0.0004785861528944224
5484,0.02228439413011074
5485,0.9923335313796997
5486,0.4618263840675354
5487,0.9743591547012329
5488,0.9266546368598938
5489,0.014508282765746117
5490,0.9727715849876404
5491,0.9996711015701294
5492,0.9994204044342041
5493,0.9988658428192139
5494,0.9925299286842346
5495,0.9385720491409302
5496,0.9999997615814209
5497,0.0010166284628212452
5498,0.1988123059272766
5499,3.173583900206722e-05
5500,0.00037831932422704995
5501,0.9474671483039856
5502,0.0034108494874089956
5503,0.007212232332676649
5504,0.9903760552406311
5505,0.994862973690033
5506,0.7756825685501099
5507,0.631614625453949
5508,1.0
5509,0.959029495716095
5510,0.21781107783317566
5511,0.11385013163089752
5512,0.9958711266517639
5513,0.9916442036628723
5514,0.9831485748291016
5515,0.5170904397964478
5516,0.10734760761260986
5517,0.9931678175926208
5518,0.00030271848663687706
5519,0.998703122138977
5520,0.8747252225875854
5521,0.15813355147838593
5522,0.8946629762649536
5523,0.005422328133136034
5524,0.9999486207962036
5525,0.5757937431335449
5526,0.8056339025497437
5527,0.9996546506881714
5528,0.9882501363754272
5529,0.03902684897184372
5530,0.07492037117481232
5531,0.9677830338478088
5532,0.9999902248382568
5533,0.09566008299589157
5534,1.0
5535,0.05392945185303688
5536,0.9998478889465332
5537,0.024326736107468605
5538,0.0015935820993036032
5539,0.9998742341995239
5540,0.29955607652664185
5541,0.5012190937995911
5542,0.24526140093803406
5543,0.00012392234930302948
5544,0.0002786963013932109
5545,0.6395032405853271
5546,0.04231533408164978
5547,0.01583009585738182
5548,0.9661497473716736
5549,9.435430570192693e-07
5550,0.23330570757389069
5551,0.9999998807907104
5552,0.3530493974685669
5553,0.9994068145751953
5554,0.5651718378067017
5555,0.9674401879310608
5556,0.005742572247982025
5557,3.6649953472078778e-06
5558,0.7091025710105896
5559,0.016299061477184296
5560,0.9999994039535522
5561,0.10910948365926743
5562,0.6392893195152283
5563,0.169261172413826
5564,0.0043093981221318245
5565,0.27737197279930115
5566,0.0015194215811789036
5567,0.9693400859832764
5568,0.9802765846252441
5569,0.645280122756958
5570,0.9999735355377197
5571,0.9999511241912842
5572,0.8933021426200867
5573,0.570919394493103
5574,0.17428430914878845
5575,0.501735270023346
5576,0.0011510858312249184
5577,0.9995040893554688
5578,0.4971473217010498
5579,0.9877105355262756
5580,0.9985408782958984
5581,0.9995608925819397
5582,0.0005252630217000842
5583,0.021310977637767792
5584,0.9999963045120239
5585,0.9997250437736511
5586,0.992668628692627
5587,1.0
5588,0.9558824300765991
5589,0.000785625190474093
5590,0.9985530972480774
5591,0.7396690845489502
5592,0.9999972581863403
5593,0.9125167727470398
5594,0.9976387023925781
5595,0.3012123107910156
5596,0.7666108012199402
5597,0.11671265959739685
5598,0.00880204327404499
5599,0.21028205752372742
5600,0.9785675406455994
5601,0.9999995231628418
5602,0.959126889705658
5603,0.9801227450370789
5604,0.3257672190666199
5605,0.03334292024374008
5606,0.030544254928827286
5607,0.43634161353111267
5608,0.9999996423721313
5609,0.0067489007487893105
5610,0.9897494912147522
5611,0.032038554549217224
5612,3.688467359097558e-06
5613,0.999879002571106
5614,0.9462302327156067
5615,0.15222488343715668
5616,0.04238387197256088
5617,0.9935677647590637
5618,0.5958544015884399
5619,0.9940230250358582
5620,0.9866782426834106
5621,1.3363106518227141e-05
5622,0.025270892307162285
5623,3.702133426486398e-07
5624,0.00013487554679159075
5625,0.4624497592449188
5626,0.36370253562927246
5627,4.828804958378896e-05
5628,0.5297107100486755
5629,0.9899585843086243
5630,0.877805233001709
5631,0.9988704323768616
5632,0.24291947484016418
5633,0.9999988079071045
5634,0.9652067422866821
5635,0.9389408230781555
5636,0.008238046430051327
5637,0.06334982067346573
5638,0.009912176989018917
5639,0.9715586304664612
5640,0.8345041871070862
5641,0.8818982243537903
5642,0.8579948544502258
5643,0.00453984085470438
5644,0.4069927930831909
5645,0.01022529136389494
5646,0.051284365355968475
5647,3.817940068984171e-06
5648,0.10290256142616272
5649,0.9185464382171631
5650,1.0
5651,0.01872931607067585
5652,3.8056309676903766e-06
5653,0.9955766201019287
5654,0.00016558787319809198
5655,0.9920359253883362
5656,0.4911974370479584
5657,0.9984538555145264
5658,0.9834723472595215
5659,0.4037758708000183
5660,0.9996356964111328
5661,2.640245877830183e-13
5662,0.9852744340896606
5663,3.228728218118704e-08
5664,1.003128090815153e-05
5665,1.0
5666,0.0886874720454216
5667,0.794979989528656
5668,0.0009876432595774531
5669,0.002539443550631404
5670,0.964893102645874
5671,0.006897743791341782
5672,0.42105066776275635
5673,0.0002029877359746024
5674,0.014827650971710682
5675,0.9365517497062683
5676,0.46166402101516724
5677,0.9933873414993286
5678,2.763695522434162e-12
5679,0.00040488404920324683
5680,0.8534733653068542
5681,0.08569460362195969
5682,0.0029786303639411926
5683,0.0007584347622469068
5684,0.9965631365776062
5685,1.6155976254594862e-06
5686,0.007817219942808151
5687,0.5603753328323364
5688,0.9933744072914124
5689,0.08959735929965973
5690,0.7836709022521973
5691,0.9993115663528442
5692,0.9999797344207764
5693,0.9999741315841675
5694,0.6716594696044922
5695,0.21491461992263794
5696,0.20866534113883972
5697,0.9552035331726074
5698,0.7125484347343445
5699,0.0005817321944050491
5700,0.8825511336326599
5701,0.999934196472168
5702,0.05381379649043083
5703,0.9948456287384033
5704,0.3631994128227234
5705,0.9959861636161804
5706,0.99710613489151
5707,0.13411667943000793
5708,0.9988239407539368
5709,0.06518252193927765
5710,0.001277228002436459
5711,0.9341254234313965
5712,0.001517297001555562
5713,0.0056550102308392525
5714,0.03201529011130333
5715,0.9846411347389221
5716,0.31232205033302307
5717,0.00501470360904932
5718,0.9999790191650391
5719,0.1573687344789505
5720,0.006877003237605095
5721,0.009130671620368958
5722,0.0836414322257042
5723,0.006335907150059938
5724,0.5789268612861633
5725,0.021685905754566193
5726,0.000594920595176518
5727,0.022233542054891586
5728,1.0145962733076885e-05
5729,1.999497101223824e-08
5730,0.9933851361274719
5731,0.6679108142852783
5732,0.999998927116394
5733,0.957472026348114
5734,0.00032815724262036383
5735,1.0
5736,6.070329163776478e-06
5737,0.7412896156311035
5738,0.9964577555656433
5739,0.9999362230300903
5740,0.9996377229690552
5741,0.9363430142402649
5742,0.999992847442627
5743,0.00023426846018992364
5744,0.1415393352508545
5745,0.02602384425699711
5746,0.0059822918847203255
5747,0.600770115852356
5748,0.9670247435569763
5749,0.04660385474562645
5750,0.0007078972994349897
5751,0.7995254397392273
5752,0.9671664834022522
5753,0.010435657575726509
5754,0.9901186227798462
5755,0.1786007136106491
5756,0.9996994733810425
5757,0.0066862888634204865
5758,0.9999831914901733
5759,0.9769920110702515
5760,0.540069043636322
5761,0.0056689162738621235
5762,0.011482222005724907
5763,0.05762091279029846
5764,1.897647416626569e-05
5765,0.8157508969306946
5766,0.008255084045231342
5767,0.18393230438232422
5768,0.713274359703064
5769,0.0002867474395316094
5770,0.461931973695755
5771,0.8572500348091125
5772,0.8342368006706238
5773,0.028112662956118584
5774,0.9534662961959839
5775,0.00023820283240638673
5776,1.0
5777,0.545364260673523
5778,0.9941959381103516
5779,0.9331486821174622
5780,0.3400920629501343
5781,0.6942543983459473
5782,0.9931676983833313
5783,0.7116597294807434
5784,0.9999998807907104
5785,0.004015545826405287
5786,3.8473814356621006e-08
5787,0.5886591076850891
5788,3.722939072758891e-05
5789,0.9811962842941284
5790,0.004686689004302025
5791,0.0001367922086501494
5792,0.0005920106777921319
5793,0.02126692607998848
5794,0.9949200749397278
5795,0.9999957084655762
5796,0.4704039394855499
5797,0.018178865313529968
5798,0.9122787117958069
5799,0.7269715666770935
5800,0.00039753777673467994
5801,0.08598563820123672
5802,0.0001240034616785124
5803,0.6515905261039734
5804,0.49267080426216125
5805,0.9974505305290222
5806,0.0008965095621533692
5807,0.9999985694885254
5808,0.9282570481300354
5809,0.9959514141082764
5810,0.8954849243164062
5811,0.08037590235471725
5812,0.9911935925483704
5813,0.46875426173210144
5814,2.0329149265307933e-05
5815,0.9834564328193665
5816,0.922738254070282
5817,0.0020270932000130415
5818,0.030985621735453606
5819,0.9979812502861023
5820,0.9816157221794128
5821,0.9955255389213562
5822,0.18562446534633636
5823,0.12351279705762863
5824,0.9999995231628418
5825,0.01814989000558853
5826,0.039755210280418396
5827,0.9842821955680847
5828,0.9539687633514404
5829,0.9028220176696777
5830,0.0049902889877557755
5831,0.998242974281311
5832,0.34117963910102844
5833,0.008680933155119419
5834,0.9894208908081055
5835,0.00024385587312281132
5836,0.9995800852775574
5837,0.0015964898047968745
5838,0.049361079931259155
5839,0.05618361756205559
5840,0.0017848705174401402
5841,0.47388219833374023
5842,0.9870244264602661
5843,0.9837956428527832
5844,0.001975236227735877
5845,0.9648208618164062
5846,0.0027597425505518913
5847,0.00012049177894368768
5848,0.08366132527589798
5849,0.36736613512039185
5850,0.8492876887321472
5851,1.7883443206301308e-06
5852,0.9999979734420776
5853,0.9956424236297607
5854,0.02073226310312748
5855,0.9022676348686218
5856,0.0004671712522394955
5857,0.8611426949501038
5858,0.999754011631012
5859,0.0002517101529520005
5860,0.9999994039535522
5861,0.8747527599334717
5862,0.7930824756622314
5863,0.1361091285943985
5864,0.9948858618736267
5865,0.01350865513086319
5866,0.5830071568489075
5867,7.448024916811846e-06
5868,0.0001305807672906667
5869,0.502586305141449
5870,0.059171412140131
5871,0.00710026640444994
5872,7.8987555752974e-05
5873,0.7449954152107239
5874,0.8209058046340942
5875,0.039967965334653854
5876,0.003919180948287249
5877,0.0002198799920734018
5878,0.999992847442627
5879,0.9796441793441772
5880,0.939216136932373
5881,0.989734411239624
5882,0.9995570778846741
5883,0.991788923740387
5884,0.9226325154304504
5885,0.33406922221183777
5886,0.9999580383300781
5887,0.002726656384766102
5888,0.0002003012632485479
5889,0.8911715149879456
5890,0.713098406791687
5891,0.0005489938776008785
5892,0.9716253280639648
5893,0.9999240636825562
5894,0.000522589311003685
5895,0.606835663318634
5896,0.004018697887659073
5897,0.9690111875534058
5898,0.9999997615814209
5899,3.573608410079032e-06
5900,7.2203893068945035e-06
5901,1.0
5902,0.19115088880062103
5903,0.013540782034397125
5904,0.9994978904724121
5905,1.0
5906,0.00017236896383110434
5907,0.5931251645088196
5908,0.9999991655349731
5909,3.778929385589436e-05
5910,0.019111627712845802
5911,0.9957426190376282
5912,0.0005109835765324533
5913,0.9538204073905945
5914,0.00026562862331047654
5915,0.9911920428276062
5916,0.9999992847442627
5917,0.9999762773513794
5918,0.00010700229177018628
5919,0.5676368474960327
5920,0.012589975260198116
5921,0.14470165967941284
5922,0.048549409955739975
5923,0.9897841811180115
5924,0.9999998807907104
5925,0.9999872446060181
5926,0.7046223282814026
5927,0.08722623437643051
5928,1.0
5929,0.7401521801948547
5930,0.9999634027481079
5931,0.9702945947647095
5932,3.472470780252479e-05
5933,0.12295781821012497
5934,0.008428577333688736
5935,0.22308002412319183
5936,1.0
5937,0.03186316415667534
5938,0.9706668853759766
5939,0.0683358684182167
5940,0.00019399181474000216
5941,0.2235141098499298
5942,0.0013963790843263268
5943,0.9510164260864258
5944,0.8890857100486755
5945,0.4254447817802429
5946,0.29898300766944885
5947,0.0003019868745468557
5948,0.9606159925460815
5949,3.686388652113237e-07
5950,0.356424480676651
5951,0.9985388517379761
5952,0.9465525150299072
5953,0.23225678503513336
5954,0.10502514988183975
5955,0.9413968920707703
5956,0.8342867493629456
5957,0.5195354223251343
5958,0.5289939045906067
5959,0.976239800453186
5960,0.0008184592006728053
5961,0.009012185037136078
5962,7.959767390275374e-05
5963,0.02174534648656845
5964,0.1631721407175064
5965,0.9911758899688721
5966,0.00039750151336193085
5967,0.3839682936668396
5968,0.2050187736749649
5969,0.9998262524604797
5970,0.9862630367279053
5971,0.20266348123550415
5972,0.9908080697059631
5973,0.9999983310699463
5974,0.3539141118526459
5975,0.9981111288070679
5976,0.3210490345954895
5977,0.012181194499135017
5978,0.24803556501865387
5979,0.07460612058639526
5980,0.5280265808105469
5981,0.01988096721470356
5982,0.00011830426228698343
5983,0.8810040950775146
5984,0.9998786449432373
5985,1.0
5986,9.233541641151533e-05
5987,0.0037757670506834984
5988,0.9442049860954285
5989,0.8121007680892944
5990,0.999567449092865
5991,0.04299911484122276
5992,0.9996777772903442
5993,0.8162980079650879
5994,0.0001276964758289978
5995,0.44855067133903503
5996,0.7960205674171448
5997,0.9996289014816284
5998,0.05394243821501732
5999,0.1321241855621338
6000,0.9995965361595154
6001,0.6529337167739868
6002,0.0053957137279212475
6003,0.6905699372291565
6004,0.9999269247055054
6005,0.11933864653110504
6006,0.004923517350107431
6007,0.9999878406524658
6008,0.00027668129769153893
6009,0.0003213140007574111
6010,0.5438452363014221
6011,0.0018097155261784792
6012,0.9242861866950989
6013,7.936053592061398e-09
6014,0.012980322353541851
6015,0.0361069031059742
6016,0.9987032413482666
6017,0.8480746150016785
6018,0.25341808795928955
6019,0.07359400391578674
6020,0.536595344543457
6021,1.2376993254292756e-05
6022,0.4227820932865143
6023,0.13122406601905823
6024,1.3967202221465413e-06
6025,0.9999735355377197
6026,0.999997615814209
6027,0.0001987909636227414
6028,0.9458288550376892
6029,0.00012769208115059882
6030,0.9979839324951172
6031,0.004539799876511097
6032,4.1359213355463e-05
6033,8.172075467882678e-05
6034,1.926963932419312e-06
6035,0.06538000702857971
6036,0.0034826528280973434
6037,0.0004404634819366038
6038,0.9998958110809326
6039,0.23077192902565002
6040,0.10998690128326416
6041,0.9999796152114868
6042,0.9999998807907104
6043,0.06472952663898468
6044,0.1166425570845604
6045,0.9995130300521851
6046,0.992900013923645
6047,0.975317120552063
6048,0.027119474485516548
6049,0.142726868391037
6050,0.1367609053850174
6051,0.997234046459198
6052,0.0001547346037114039
6053,0.3355013430118561
6054,0.9314255118370056
6055,0.5496482253074646
6056,0.008696984499692917
6057,0.01947527937591076
6058,0.0031844719778746367
6059,0.12506593763828278
6060,0.005177565384656191
6061,0.9972358345985413
6062,0.06562553346157074
6063,0.0003233508032280952
6064,0.007532735820859671
6065,0.06648891419172287
6066,0.7785598635673523
6067,0.8087466359138489
6068,0.3299967050552368
6069,0.03671751916408539
6070,0.1977306753396988
6071,6.9671050368924625e-06
6072,0.9989665746688843
6073,0.9694589376449585
6074,0.46354350447654724
6075,0.079155832529068
6076,0.4718575179576874
6077,0.17895162105560303
6078,1.0
6079,0.9750223755836487
6080,0.5770429968833923
6081,0.8766613006591797
6082,0.9967785477638245
6083,0.017761746421456337
6084,0.9335840344429016
6085,0.7264946103096008
6086,0.9973410964012146
6087,0.9972780346870422
6088,0.999137282371521
6089,0.9961796998977661
6090,0.9002453684806824
6091,0.7936429977416992
6092,0.0007395570864900947
6093,0.9837380647659302
6094,0.9999986886978149
6095,0.5907560586929321
6096,0.0021636206656694412
6097,0.032808542251586914
6098,0.7960336208343506
6099,0.20898272097110748
6100,1.8632796354722814e-06
6101,0.09339573979377747
6102,3.483362525003031e-05
6103,0.8702214956283569
6104,0.7077256441116333
6105,0.9524190425872803
6106,0.7529563903808594
6107,0.9979447722434998
6108,0.999966025352478
6109,1.4157795931168948e-06
6110,0.0002570130454842001
6111,0.9433640241622925
6112,0.01478816568851471
6113,0.7003920078277588
6114,0.038799673318862915
6115,0.7855252027511597
6116,0.9236729145050049
6117,0.21145370602607727
6118,0.8153020143508911
6119,0.9021784067153931
6120,0.6259164810180664
6121,0.815634548664093
6122,0.9643329381942749
6123,0.12548522651195526
6124,0.0010635725921019912
6125,0.9999998807907104
6126,0.8001031875610352
6127,0.02413185127079487
6128,0.9985597729682922
6129,0.004993828013539314
6130,0.6462697386741638
6131,0.0057655819691717625
6132,0.0009648845298215747
6133,0.052242398262023926
6134,0.9999977350234985
6135,5.499010136134075e-09
6136,0.7374639511108398
6137,0.8005819916725159
6138,0.09133836627006531
6139,0.1871798038482666
6140,0.9991555213928223
6141,0.030265429988503456
6142,1.0
6143,0.009621254168450832
6144,0.0006633445154875517
6145,0.21878106892108917
6146,0.0017380360513925552
6147,0.23950377106666565
6148,0.999907374382019
6149,0.0026072519831359386
6150,6.356612720992416e-05
6151,0.002127731218934059
6152,0.008796288631856441
6153,0.13259324431419373
6154,0.9999815225601196
6155,0.9636521339416504
6156,0.012436429038643837
6157,0.9952795505523682
6158,0.012393178418278694
6159,0.018382996320724487
6160,0.974465548992157
6161,0.0003385024319868535
6162,0.9999997615814209
6163,0.646095871925354
6164,2.380208024987951e-05
6165,0.00011808370618382469
6166,0.008587189950048923
6167,0.5350914001464844
6168,0.0004898380138911307
6169,0.8048224449157715
6170,0.23328587412834167
6171,0.003068051300942898
6172,1.2445358152035624e-05
6173,0.4005688428878784
6174,1.8670627468964085e-05
6175,0.9910673499107361
6176,0.8719800710678101
6177,0.9999996423721313
6178,0.22386786341667175
6179,0.35134559869766235
6180,0.9998705387115479
6181,0.08740483969449997
6182,0.8146358132362366
6183,0.8884601593017578
6184,0.015970809385180473
6185,5.128439806867391e-05
6186,0.5838230848312378
6187,0.9997026324272156
6188,0.9980691075325012
6189,0.20536847412586212
6190,2.6249230359098874e-05
6191,0.9390778541564941
6192,0.9963165521621704
6193,0.9980039000511169
6194,0.0015222214860841632
6195,0.09377014636993408
6196,0.9636134505271912
6197,0.3596482574939728
6198,2.7096501071355306e-05
6199,0.9997414946556091
6200,0.9999995231628418
6201,0.00945345126092434
6202,0.0065100123174488544
6203,0.6945087909698486
6204,7.448068936355412e-05
6205,0.008204706944525242
6206,0.6903494596481323
6207,0.7661502361297607
6208,0.8404247760772705
6209,0.9991884827613831
6210,0.005795084871351719
6211,0.4150404930114746
6212,0.05647634342312813
6213,0.8005738854408264
6214,0.9988125562667847
6215,0.016300641000270844
6216,9.690522517757927e-08
6217,0.9779565334320068
6218,0.9965032339096069
6219,0.9975243210792542
6220,0.004891406279057264
6221,0.9999998807907104
6222,0.057299550622701645
6223,0.14112825691699982
6224,0.003666393691673875
6225,0.8069844245910645
6226,0.9999998807907104
6227,0.025288313627243042
6228,0.013475779443979263
6229,1.0
6230,0.9897220730781555
6231,0.8776286244392395
6232,0.9598920345306396
6233,0.00044570042518898845
6234,0.03725791350007057
6235,0.07750807702541351
6236,0.6963527202606201
6237,0.9724863767623901
6238,0.0087801618501544
6239,0.9736149311065674
6240,0.8925442099571228
6241,0.8132567405700684
6242,0.8048034310340881
6243,0.003661129856482148
6244,0.3210178315639496
6245,0.9999756813049316
6246,0.44565126299858093
6247,0.006355245131999254
6248,0.964848518371582
6249,0.005565416067838669
6250,0.6335570216178894
6251,0.8611754179000854
6252,0.6982399821281433
6253,0.9998761415481567
6254,0.9999521970748901
6255,0.9541044235229492
6256,0.5803810954093933
6257,0.8953208923339844
6258,0.028556080535054207
6259,7.158766379689041e-08
6260,0.9986727237701416
6261,0.06517545133829117
6262,6.474033580161631e-05
6263,0.0038160199765115976
6264,0.9441414475440979
6265,0.999955415725708
6266,0.8423587679862976
6267,0.0011615842813625932
6268,0.9793316125869751
6269,0.3809443712234497
6270,0.05099857598543167
6271,0.7825092077255249
6272,9.511177631793544e-05
6273,0.9990911483764648
6274,0.0019828046206384897
6275,0.002031278098002076
6276,0.0017698920564725995
6277,1.0
6278,0.9174162149429321
6279,0.01759166829288006
6280,0.8721858263015747
6281,0.35411474108695984
6282,5.668118205903738e-07
6283,0.03511183708906174
6284,0.994867205619812
6285,0.0004907151451334357
6286,0.010643880814313889
6287,0.9596795439720154
6288,0.5564631819725037
6289,0.11610255390405655
6290,0.9999754428863525
6291,0.0014602643204852939
6292,0.02868904545903206
6293,0.22448040544986725
6294,0.9998873472213745
6295,0.9977927207946777
6296,0.10529929399490356
6297,1.6378673535655253e-05
6298,4.4423562940210104e-05
6299,1.517581864618478e-07
6300,0.27795979380607605
6301,0.8848200440406799
6302,0.011551374569535255
6303,0.009811842814087868
6304,0.31813567876815796
6305,0.28933316469192505
6306,0.8911028504371643
6307,0.9997453093528748
6308,0.04500254988670349
6309,0.9997546076774597
6310,0.4836285412311554
6311,0.0005928269238211215
6312,0.7380270957946777
6313,0.9999980926513672
6314,0.0048688496463000774
6315,0.8935523629188538
6316,6.2065350903139915e-06
6317,0.994709849357605
6318,0.3731750249862671
6319,0.9012853503227234
6320,0.08250285685062408
6321,0.9990860223770142
6322,0.005363483913242817
6323,0.9999843835830688
6324,0.09663046896457672
6325,0.004513193853199482
6326,0.02502923645079136
6327,0.958723247051239
6328,0.412457674741745
6329,5.445020360639319e-05
6330,0.08418170362710953
6331,0.9287967681884766
6332,0.9999978542327881
6333,0.00033344468101859093
6334,0.021128801628947258
6335,7.738987733318936e-06
6336,0.0014846305130049586
6337,0.015785574913024902
6338,0.025720512494444847
6339,0.7965371012687683
6340,0.9932786822319031
6341,0.03866186365485191
6342,0.9380955696105957
6343,0.0015067232307046652
6344,0.0003061041352339089
6345,0.8365851044654846
6346,0.08068077266216278
6347,0.7275534272193909
6348,0.02124023251235485
6349,0.7150710225105286
6350,0.09912873804569244
6351,0.864591658115387
6352,4.3052565956713806e-08
6353,0.14542683959007263
6354,0.9655394554138184
6355,0.3654037415981293
6356,0.9988110065460205
6357,0.9999361038208008
6358,0.003906624857336283
6359,0.01192605309188366
6360,7.298117270693183e-05
6361,0.7701784372329712
6362,0.000695524038746953
6363,0.20138974487781525
6364,0.0012029306963086128
6365,0.9502191543579102
6366,0.4583527147769928
6367,0.8947405815124512
6368,0.9989946484565735
6369,0.008942404761910439
6370,0.15926429629325867
6371,0.008873729035258293
6372,3.449370342423208e-05
6373,0.7319290041923523
6374,0.040580522269010544
6375,0.12583722174167633
6376,3.608459155657329e-05
6377,0.9999738931655884
6378,0.014603788033127785
6379,0.9999984502792358
6380,6.993402348598465e-05
6381,0.612806499004364
6382,0.0002032090851571411
6383,0.12389232218265533
6384,0.058894358575344086
6385,0.9990752935409546
6386,0.006397347431629896
6387,0.9369281530380249
6388,0.998497724533081
6389,0.8039529323577881
6390,0.11296302080154419
6391,0.5330614447593689
6392,3.129547985736281e-05
6393,0.9200654029846191
6394,0.9713956713676453
6395,0.6647768020629883
6396,0.018574869260191917
6397,0.767137885093689
6398,0.8971542119979858
6399,0.9991409778594971
6400,0.9985295534133911
6401,0.00016350412624888122
6402,0.884892463684082
6403,0.010345893912017345
6404,0.9998430013656616
6405,0.005434154532849789
6406,0.37130463123321533
6407,0.00264487462118268
6408,0.059837304055690765
6409,0.005676608067005873
6410,0.11126851290464401
6411,0.04706326127052307
6412,0.06995741277933121
6413,0.001049065263941884
6414,0.019352911040186882
6415,0.9968847632408142
6416,0.3948306143283844
6417,0.2214648276567459
6418,0.012278218753635883
6419,0.000271356082521379
6420,0.999901294708252
6421,0.9999991655349731
6422,0.9932015538215637
6423,0.001845453167334199
6424,0.10791229456663132
6425,0.28988370299339294
6426,0.990263819694519
6427,0.09521599858999252
6428,0.999907374382019
6429,0.972790539264679
6430,0.05514619126915932
6431,0.5036014318466187
6432,0.9999536275863647
6433,0.6085236668586731
6434,8.259271999122575e-05
6435,0.23505446314811707
6436,0.9996592998504639
6437,0.38455909490585327
6438,1.0
6439,0.21670560538768768
6440,0.004718232899904251
6441,0.018335215747356415
6442,0.9019496440887451
6443,0.9999954700469971
6444,0.014057268388569355
6445,0.013182906433939934
6446,0.04360423609614372
6447,0.5872076153755188
6448,1.0
6449,0.9987426400184631
6450,0.999976396560669
6451,0.5038204193115234
6452,1.33460673623631e-06
6453,0.9426612854003906
6454,0.007923928089439869
6455,0.010488566942512989
6456,0.5416597723960876
6457,0.9971604347229004
6458,0.11549881100654602
6459,0.009044624865055084
6460,0.3177803158760071
6461,0.8810677528381348
6462,0.9347313046455383
6463,0.861818253993988
6464,0.9999691247940063
6465,0.09507859498262405
6466,0.6998252868652344
6467,0.092094287276268
6468,0.6144692897796631
6469,0.9999974966049194
6470,8.240493480116129e-05
6471,0.03643801063299179
6472,0.003908358048647642
6473,0.561271071434021
6474,5.414444217421988e-07
6475,0.7685081362724304
6476,0.9997590184211731
6477,0.7155768275260925
6478,0.9974426031112671
6479,0.9472571611404419
6480,1.0
6481,0.9034860730171204
6482,0.9111403822898865
6483,0.0007921853684820235
6484,0.02621431089937687
6485,0.9999873638153076
6486,0.9549750685691833
6487,0.003551364876329899
6488,0.002345728687942028
6489,0.20486971735954285
6490,0.0317571721971035
6491,0.9990682005882263
6492,0.3245321810245514
6493,0.9976372718811035
6494,0.01364941243082285
6495,0.0020564270671457052
6496,0.2885211706161499
6497,0.03620324656367302
6498,3.001546531322674e-07
6499,0.9751958250999451
6500,0.374345988035202
6501,0.8294183015823364
6502,0.37839072942733765
6503,0.9999947547912598
6504,0.0265749953687191
6505,0.028517190366983414
6506,0.9987834095954895
6507,0.9973934888839722
6508,0.040937770158052444
6509,0.14344395697116852
6510,0.9913412928581238
6511,0.14450229704380035
6512,0.1235264241695404
6513,0.004640048369765282
6514,0.879935085773468
6515,0.0019694375805556774
6516,0.9918103814125061
6517,0.9738866686820984
6518,0.023041706532239914
6519,0.029379738494753838
6520,0.00016819393204059452
6521,1.1866427485074382e-05
6522,0.011692172847688198
6523,0.9327734708786011
6524,0.9999963045120239
6525,0.32884228229522705
6526,0.1920807808637619
6527,0.9948535561561584
6528,0.6246524453163147
6529,0.9839609861373901
6530,0.010657447390258312
6531,7.519046630477533e-05
6532,0.9919522404670715
6533,0.39514845609664917
6534,6.134355245990264e-09
6535,1.6508911357959732e-05
6536,0.987022340297699
6537,0.0029129204340279102
6538,0.2719205319881439
6539,0.9999991655349731
6540,1.0
6541,0.06549708545207977
6542,0.9999988079071045
6543,0.0016416102880612016
6544,0.9999368190765381
6545,0.9999940395355225
6546,0.9999959468841553
6547,9.902979400067125e-06
6548,0.019050687551498413
6549,0.9376329183578491
6550,0.10456180572509766
6551,0.8677241802215576
6552,0.17081205546855927
6553,0.5767151117324829
6554,0.9999213218688965
6555,0.6338016986846924
6556,0.42883700132369995
6557,0.0007582934922538698
6558,0.055207639932632446
6559,0.2373185008764267
6560,0.8983924388885498
6561,0.02333180047571659
6562,0.12776324152946472
6563,0.1875162571668625
6564,0.020179221406579018
6565,1.1841840205306653e-05
6566,0.9999200105667114
6567,0.9999980926513672
6568,0.00047315313713625073
6569,0.9980084300041199
6570,0.1208537146449089
6571,0.002547597512602806
6572,0.9527570009231567
6573,0.9994848966598511
6574,0.9349729418754578
6575,1.0427555025671609e-05
6576,0.35928311944007874
6577,0.9982081651687622
6578,0.01685493066906929
6579,0.23341859877109528
6580,0.9998618364334106
6581,0.002841715235263109
6582,0.009207065217196941
6583,0.9938072562217712
6584,0.025767317041754723
6585,1.0
6586,0.9794074296951294
6587,0.004643070977181196
6588,0.7738536596298218
6589,1.0
6590,0.915858268737793
6591,0.9777107834815979
6592,0.34222540259361267
6593,0.003042688360437751
6594,0.016181200742721558
6595,1.7606218989385525e-06
6596,0.9999997615814209
6597,0.00022881582845002413
6598,0.07443683594465256
6599,0.9999921321868896
6600,0.9989926218986511
6601,0.40718311071395874
6602,0.8864102363586426
6603,0.30107372999191284
6604,0.012830536812543869
6605,0.0001593583292560652
6606,0.9937666654586792
6607,0.9499846696853638
6608,0.9999986886978149
6609,0.49700927734375
6610,0.9924312829971313
6611,0.9998654127120972
6612,0.03088313713669777
6613,0.005528068635612726
6614,0.09268178790807724
6615,0.9668332934379578
6616,0.0014799865894019604
6617,0.04045121371746063
6618,0.01088429894298315
6619,0.732295036315918
6620,0.24934427440166473
6621,0.8748747706413269
6622,0.9999998807907104
6623,0.008225662633776665
6624,0.9621243476867676
6625,0.9539609551429749
6626,0.014036723412573338
6627,0.10763279348611832
6628,0.997302770614624
6629,0.29980093240737915
6630,0.3412233889102936
6631,0.999803364276886
6632,0.7948217391967773
6633,0.03679430112242699
6634,3.6044429663206756e-08
6635,0.8907256126403809
6636,0.8672552704811096
6637,0.9692528247833252
6638,1.3530116405036097e-07
6639,0.00045107322512194514
6640,0.26704463362693787
6641,0.9999473094940186
6642,0.010517527349293232
6643,0.6583982110023499
6644,6.52753806207329e-06
6645,0.0002398235519649461
6646,0.9911357164382935
6647,0.9596481919288635
6648,0.8956150412559509
6649,0.730625569820404
6650,0.29418107867240906
6651,0.9938318729400635
6652,0.8972770571708679
6653,0.8056419491767883
6654,0.874789297580719
6655,0.9317707419395447
6656,0.34159016609191895
6657,0.03906877711415291
6658,0.008583765476942062
6659,0.9997393488883972
6660,0.5440230965614319
6661,0.9970729351043701
6662,0.9585645198822021
6663,0.9982525706291199
6664,0.865959644317627
6665,0.9998706579208374
6666,0.9798972010612488
6667,0.8584136366844177
6668,0.600998044013977
6669,8.738191354495939e-06
6670,1.0
6671,0.9913008809089661
6672,0.9945400357246399
6673,8.070670446613804e-05
6674,0.9988359808921814
6675,0.6821506023406982
6676,0.9997337460517883
6677,0.00044286579941399395
6678,1.2861673504005466e-08
6679,0.6418138146400452
6680,0.010097757913172245
6681,0.6138011813163757
6682,0.004634392447769642
6683,0.005479093175381422
6684,0.006550863850861788
6685,0.2874422073364258
6686,0.0016899887705221772
6687,0.1166425570845604
6688,0.627399742603302
6689,0.46102839708328247
6690,0.14037659764289856
6691,0.000266638002358377
6692,0.004107016604393721
6693,0.2545742392539978
6694,0.15350747108459473
6695,0.0064874086529016495
6696,0.44300124049186707
6697,1.3186932847020216e-05
6698,0.06660982221364975
6699,0.7771310210227966
6700,0.9895746111869812
6701,0.63332599401474
6702,0.007327434606850147
6703,0.9999769926071167
6704,0.9710990190505981
6705,0.001127583091147244
6706,0.42437970638275146
6707,0.8743809461593628
6708,0.9809322357177734
6709,0.7252321243286133
6710,0.05058811232447624
6711,0.0028880934696644545
6712,0.999894380569458
6713,1.927522589539876e-06
6714,5.6625285651534796e-05
6715,0.9225491285324097
6716,0.8776587843894958
6717,0.00023344681540038437
6718,0.5901584625244141
6719,0.45608535408973694
6720,0.9932774901390076
6721,0.999808132648468
6722,0.9998888969421387
6723,1.894401151503189e-07
6724,0.00025108453701250255
6725,0.9974530339241028
6726,0.025192001834511757
6727,0.10801351815462112
6728,0.6889578104019165
6729,0.9996402263641357
6730,5.465936965265428e-07
6731,0.578654408454895
6732,0.9998871088027954
6733,0.7632582187652588
6734,0.9362781047821045
6735,0.00612241867929697
6736,0.001756825833581388
6737,0.9673858284950256
6738,0.10741846263408661
6739,0.029502328485250473
6740,0.5287949442863464
6741,0.8837101459503174
6742,0.99953293800354
6743,0.2496757209300995
6744,0.36646196246147156
6745,0.8677124977111816
6746,0.028648199513554573
6747,0.06115395575761795
6748,0.0007006546948105097
6749,0.7799946069717407
6750,0.001200217637233436
6751,0.9999997615814209
6752,0.06825371831655502
6753,1.0
6754,0.9973888993263245
6755,0.00027513926033861935
6756,0.2465415745973587
6757,0.9949872493743896
6758,0.03580288216471672
6759,0.9470192193984985
6760,0.11953458189964294
6761,0.9895646572113037
6762,0.0075276861898601055
6763,0.695860743522644
6764,0.4500473737716675
6765,0.009944678284227848
6766,0.9242490530014038
6767,0.03638039156794548
6768,0.016947612166404724
6769,0.111259326338768
6770,0.005288463085889816
6771,0.9997894167900085
6772,0.7352589964866638
6773,0.5889571905136108
6774,0.9999064207077026
6775,0.25494834780693054
6776,0.0004177310620434582
6777,0.009762841276824474
6778,0.40816935896873474
6779,0.9472398161888123
6780,0.304933100938797
6781,0.0011761198984459043
6782,8.746246038526806e-08
6783,0.9556393623352051
6784,0.07549325376749039
6785,0.0010609072633087635
6786,0.9746256470680237
6787,0.23510858416557312
6788,2.1712032776122214e-06
6789,2.501353719708277e-06
6790,0.27948957681655884
6791,0.7064733505249023
6792,0.9999997615814209
6793,0.9965851306915283
6794,0.9321938157081604
6795,0.005762549117207527
6796,0.9975343942642212
6797,0.9998865127563477
6798,0.00018026040925178677
6799,0.8957474827766418
6800,0.5070033073425293
6801,5.893660125905198e-13
6802,0.9844887256622314
6803,0.9999487400054932
6804,0.7540314197540283
6805,0.9407350420951843
6806,1.0
6807,0.16127415001392365
6808,0.9060466289520264
6809,0.9999998807907104
6810,0.23806674778461456
6811,0.7542979717254639
6812,0.005161953624337912
6813,0.4877970814704895
6814,0.43394145369529724
6815,0.3226719796657562
6816,0.9999330043792725
6817,0.9919779300689697
6818,0.014966165646910667
6819,0.9993639588356018
6820,0.7446186542510986
6821,0.9999996423721313
6822,0.9997960925102234
6823,0.9944332242012024
6824,0.9999779462814331
6825,0.6137362718582153
6826,0.006551083642989397
6827,0.20397555828094482
6828,0.539470911026001
6829,3.280073812561568e-08
6830,3.1977103844837984e-06
6831,0.9973752498626709
6832,0.4091729521751404
6833,0.7095842361450195
6834,0.9999992847442627
6835,0.9956716299057007
6836,0.5564489960670471
6837,0.4475422501564026
6838,1.9878702850473218e-10
6839,0.9423332214355469
6840,0.9977914094924927
6841,0.5997945070266724
6842,0.5314624905586243
6843,0.9993496537208557
6844,0.9999651908874512
6845,0.9987561702728271
6846,0.9992626309394836
6847,0.9988435506820679
6848,0.0011890205787494779
6849,0.9999868869781494
6850,0.07214360684156418
6851,0.07332567870616913
6852,0.9914932250976562
6853,1.0
6854,0.8623510599136353
6855,0.1634274125099182
6856,0.9977108240127563
6857,0.46677038073539734
6858,0.5003581047058105
6859,0.8943828344345093
6860,0.008651609532535076
6861,0.1101158931851387
6862,0.5529829859733582
6863,0.1444123387336731
6864,0.0004968066932633519
6865,4.306211121729575e-05
6866,0.9472513794898987
6867,0.39253172278404236
6868,0.9980778694152832
6869,0.7608241438865662
6870,0.9096554517745972
6871,0.00021650397684425116
6872,0.07370469719171524
6873,0.02217448689043522
6874,3.5552384360926226e-06
6875,0.05954976752400398
6876,0.9657846093177795
6877,0.06288142502307892
6878,3.623632073868066e-05
6879,0.2664027810096741
6880,0.02695131115615368
6881,0.027929870411753654
6882,0.9665306210517883
6883,0.670845091342926
6884,0.0014728395035490394
6885,0.9509397149085999
6886,0.9999992847442627
6887,0.933199942111969
6888,0.028325317427515984
6889,0.7498034834861755
6890,0.0007400696049444377
6891,0.014741317369043827
6892,0.1423683762550354
6893,0.002728378400206566
6894,0.00016226769366767257
6895,0.251299113035202
6896,0.0003168380935676396
6897,0.7395043969154358
6898,0.8492910861968994
6899,0.9533708095550537
6900,2.2334327240969287e-06
6901,0.8803849220275879
6902,0.9617623090744019
6903,0.6755362153053284
6904,0.0018941089510917664
6905,0.002686543855816126
6906,0.9160122871398926
6907,1.0
6908,0.098239004611969
6909,0.4072776138782501
6910,2.6103586847625593e-08
6911,0.7994655966758728
6912,0.9998263716697693
6913,0.00011173915845574811
6914,0.001892831176519394
6915,0.0025982477236539125
6916,0.9772557616233826
6917,0.15901054441928864
6918,0.963429868221283
6919,2.3321279059018707e-06
6920,0.8766379356384277
6921,0.0017727427184581757
6922,0.0037303429562598467
6923,0.9998171925544739
6924,1.1852223906316794e-05
6925,0.00027658845647238195
6926,0.9999357461929321
6927,0.0019142511300742626
6928,0.7366017699241638
6929,0.8419981002807617
6930,0.005650812294334173
6931,0.005095960572361946
6932,0.002419825876131654
6933,5.417001034402347e-07
6934,0.9988307356834412
6935,5.262768354441505e-06
6936,0.9984367489814758
6937,0.12816278636455536
6938,0.9989789724349976
6939,0.000363516213838011
6940,0.02291012369096279
6941,0.9997205138206482
6942,0.04852638766169548
6943,0.8352828025817871
6944,0.8740741014480591
6945,0.9847633242607117
6946,0.17844054102897644
6947,0.8309045433998108
6948,0.9966174960136414
6949,0.9999998807907104
6950,0.4298080801963806
6951,0.26565998792648315
6952,0.6204138398170471
6953,0.9997361302375793
6954,0.014730710536241531
6955,0.48141780495643616
6956,0.5204178094863892
6957,0.4839176535606384
6958,0.27815207839012146
6959,0.13930730521678925
6960,0.0049378047697246075
6961,2.3109527319320478e-05
6962,0.9998807907104492
6963,0.9776597619056702
6964,0.030772419646382332
6965,0.026171522215008736
6966,0.01929651014506817
6967,0.9744653701782227
6968,1.0175302804782405e-06
6969,0.030555102974176407
6970,0.155354842543602
6971,0.000626132998149842
6972,0.16190609335899353
6973,0.00035993562778458
6974,0.3843688368797302
6975,0.009997407905757427
6976,0.7931413054466248
6977,0.16140159964561462
6978,0.07457160204648972
6979,0.020621176809072495
6980,0.9470772743225098
6981,2.407522697467357e-05
6982,0.14190351963043213
6983,0.0021492645610123873
6984,0.999518871307373
6985,0.9813560247421265
6986,0.992291271686554
6987,0.6701305508613586
6988,0.026540586724877357
6989,0.3581719994544983
6990,2.1239424313534983e-05
6991,0.6704007983207703
6992,0.9954533576965332
6993,0.746697723865509
6994,0.04232800379395485
6995,0.38480135798454285
6996,1.8938910884003235e-08
6997,0.888545036315918
6998,0.07347974181175232
6999,1.0
7000,1.0
7001,0.81218022108078
7002,0.999794065952301
7003,0.029702192172408104
7004,0.003919980954378843
7005,0.0652969479560852
7006,0.9927752017974854
7007,0.8580371737480164
7008,0.9800830483436584
7009,0.279805064201355
7010,0.045052241533994675
7011,1.9999210110199783e-07
7012,0.02845756709575653
7013,0.9997833371162415
7014,1.4180608559399843e-05
7015,7.065424370011897e-07
7016,0.001763076870702207
7017,0.9999998807907104
7018,0.9934459328651428
7019,9.083853001357056e-06
7020,3.0520037398673594e-05
7021,0.9898501634597778
7022,0.25573453307151794
7023,0.002246167743578553
7024,0.03554654121398926
7025,0.7517452239990234
7026,0.39306676387786865
7027,0.0006942466134205461
7028,1.7008975191856734e-05
7029,1.137484332502936e-06
7030,0.0017955140210688114
7031,0.9613346457481384
7032,0.6119630336761475
7033,0.11329188197851181
7034,0.1963702291250229
7035,0.6567215919494629
7036,0.9997445940971375
7037,0.7977019548416138
7038,4.975208298674261e-07
7039,0.007300631143152714
7040,0.8201145529747009
7041,0.0023082217667251825
7042,0.9854996204376221
7043,0.9757125973701477
7044,0.12526835501194
7045,0.0038733037654310465
7046,0.00035410438431426883
7047,0.7624405026435852
7048,0.2114221304655075
7049,0.019274594262242317
7050,4.542698661680333e-06
7051,0.9747114181518555
7052,0.567675769329071
7053,0.9988822340965271
7054,0.8768606185913086
7055,0.8707170486450195
7056,5.169580674646568e-08
7057,0.03344342112541199
7058,0.003154348349198699
7059,0.7776215672492981
7060,0.008047506213188171
7061,0.03058628924190998
7062,0.050975918769836426
7063,0.1252722293138504
7064,0.20733702182769775
7065,0.9719781875610352
7066,0.997465968132019
7067,0.47120070457458496
7068,0.9999816417694092
7069,0.9720121622085571
7070,0.5791851878166199
7071,0.7097221612930298
7072,0.7163232564926147
7073,0.9862666130065918
7074,0.7174440622329712
7075,0.996837854385376
7076,0.3676113188266754
7077,0.7625068426132202
7078,0.7446229457855225
7079,0.9999805688858032
7080,0.011179855093359947
7081,0.06831832975149155
7082,0.9999676942825317
7083,1.0
7084,0.004894020967185497
7085,0.9284116625785828
7086,0.5408257842063904
7087,0.00010034014849225059
7088,0.9919441938400269
7089,1.4838324347010712e-08
7090,0.36286771297454834
7091,0.0005819990183226764
7092,0.15176106989383698
7093,0.3361606001853943
7094,0.00020022488024551421
7095,0.0016594420885667205
7096,0.8746519684791565
7097,1.0
7098,0.06128934770822525
7099,0.0033030910417437553
7100,0.12215032428503036
7101,0.1825561225414276
7102,0.9992691874504089
7103,0.585970938205719
7104,0.9997764229774475
7105,0.6004196405410767
7106,0.29729771614074707
7107,0.46350929141044617
7108,0.04085509106516838
7109,7.860064215492457e-06
7110,0.9943693280220032
7111,0.9315466284751892
7112,0.1126837432384491
7113,5.6546705309301615e-06
7114,0.9990823268890381
7115,0.9757230281829834
7116,0.9964812994003296
7117,0.8723875284194946
7118,0.010096303187310696
7119,0.9880608320236206
7120,0.7829598188400269
7121,0.9560971260070801
7122,0.00019942695507779717
7123,0.7318506240844727
7124,0.0195363350212574
7125,0.015100132673978806
7126,6.874005339341238e-05
7127,0.45018336176872253
7128,0.0038580233231186867
7129,0.20876161754131317
7130,0.6291013360023499
7131,0.8369622230529785
7132,0.9835561513900757
7133,0.8072558641433716
7134,0.907075047492981
7135,0.9633890390396118
7136,0.9926000833511353
7137,2.6593384973239154e-05
7138,0.7074854373931885
7139,0.2305399626493454
7140,0.0006282598478719592
7141,1.0
7142,0.9992720484733582
7143,0.46691223978996277
7144,0.955289363861084
7145,0.0033591696992516518
7146,0.6017756462097168
7147,0.0002754697052296251
7148,0.859477698802948
7149,0.00018029769125860184
7150,0.005320027004927397
7151,0.00899905152618885
7152,1.6458998288726434e-05
7153,0.9719672203063965
7154,0.033228833228349686
7155,0.004077376332134008
7156,0.023340735584497452
7157,0.2732089161872864
7158,0.009585393592715263
7159,0.0019736532121896744
7160,0.13838860392570496
7161,0.7144604325294495
7162,0.0016959282802417874
7163,0.5219969749450684
7164,0.00013816564751323313
7165,0.10892842710018158
7166,0.9998028874397278
7167,0.004605036228895187
7168,0.9996871948242188
7169,0.9590250849723816
7170,0.2915922701358795
7171,0.03509889170527458
7172,0.0411759614944458
7173,1.8178478740082937e-06
7174,0.261672705411911
7175,0.00013458174362313002
7176,0.9389627575874329
7177,1.8131107708541094e-06
7178,0.3310038149356842
7179,0.9997829794883728
7180,0.26952099800109863
7181,0.9997709393501282
7182,9.501533349975944e-05
7183,0.999997615814209
7184,0.8498179316520691
7185,0.9826685190200806
7186,0.10031071305274963
7187,0.00024053483502939343
7188,0.9776884317398071
7189,0.7462480664253235
7190,0.9937984347343445
7191,0.003120899898931384
7192,0.6348090767860413
7193,0.8754730820655823
7194,0.41129928827285767
7195,0.026025285944342613
7196,4.542489114101045e-05
7197,0.00034477413282729685
7198,0.9997005462646484
7199,0.0002278433385072276
7200,0.9542128443717957
7201,0.007127081975340843
7202,0.00023350937408395112
7203,0.00032957186340354383
7204,1.369161418551812e-05
7205,0.07040417939424515
7206,1.0
7207,0.0349956676363945
7208,0.0002623923646751791
7209,0.9969542026519775
7210,6.630305870203301e-05
7211,1.6806049529805023e-07
7212,0.9515351057052612
7213,1.0
7214,1.0
7215,0.00025718368124216795
7216,0.0029138915706425905
7217,0.029928572475910187
7218,0.9999634027481079
7219,0.9934052228927612
7220,0.9984569549560547
7221,0.004255104344338179
7222,0.8240053057670593
7223,0.008749703876674175
7224,1.7425881848609492e-09
7225,0.11992960423231125
7226,0.9927815794944763
7227,0.0001002240605885163
7228,0.7563266754150391
7229,0.0005955193773843348
7230,0.0049932547844946384
7231,0.9999986886978149
7232,0.8582596182823181
7233,0.44392943382263184
7234,0.7175502777099609
7235,7.583906608488178e-06
7236,0.31468111276626587
7237,0.9992951154708862
7238,0.07882121205329895
7239,5.573738962993957e-05
7240,0.00038622558349743485
7241,0.0033715488389134407
7242,9.919302101479843e-05
7243,0.00030230230186134577
7244,0.04220239818096161
7245,0.13332264125347137
7246,0.9980757236480713
7247,0.8350397348403931
7248,0.8736147880554199
7249,7.383052746945395e-08
7250,0.005840561352670193
7251,0.9981245398521423
7252,0.999710738658905
7253,0.6858102083206177
7254,0.015307266265153885
7255,0.43869930505752563
7256,0.9999328851699829
7257,0.002247782191261649
7258,0.7405518293380737
7259,0.6197897791862488
7260,0.7937687635421753
7261,0.9999902248382568
7262,0.2392912060022354
7263,1.1959085895796306e-05
7264,0.9973124265670776
7265,0.9999552965164185
7266,0.0003851222281809896
7267,0.9995228052139282
7268,0.0010092665906995535
7269,0.027126504108309746
7270,0.4106762111186981
7271,0.7416152358055115
7272,0.020335087552666664
7273,1.4162750971991045e-07
7274,0.42504411935806274
7275,0.9712017178535461
7276,0.0007157193031162024
7277,8.875104384742372e-08
7278,0.002455784473568201
7279,0.06967514753341675
7280,0.9956817626953125
7281,0.22108891606330872
7282,0.017753835767507553
7283,0.9600047469139099
7284,3.054036596950027e-06
7285,0.998046875
7286,0.3654728829860687
7287,0.029070857912302017
7288,0.16771025955677032
7289,0.44709914922714233
7290,1.4784579434490297e-05
7291,0.4293593466281891
7292,0.9308428764343262
7293,0.9998868703842163
7294,0.9944655299186707
7295,0.09164287149906158
7296,0.012516919523477554
7297,0.0006451039807870984
7298,0.9902536273002625
7299,0.017951374873518944
7300,0.9276574850082397
7301,0.000530912191607058
7302,3.0106198778412363e-07
7303,0.06800293177366257
7304,0.19718432426452637
7305,0.9998005032539368
7306,0.6195418834686279
7307,0.9674632549285889
7308,0.8561173677444458
7309,0.44714799523353577
7310,0.19578708708286285
7311,0.11186689138412476
7312,0.8877601623535156
7313,0.06945861130952835
7314,1.7409250858690939e-06
7315,0.9999998807907104
7316,0.9921276569366455
7317,0.031349990516901016
7318,0.006164768245071173
7319,0.9773608446121216
7320,0.00022299986449070275
7321,0.9155684113502502
7322,0.05522013083100319
7323,0.984832227230072
7324,0.0013096712063997984
7325,7.936053592061398e-09
7326,0.20370957255363464
7327,0.7055404186248779
7328,0.5402476787567139
7329,0.006322367116808891
7330,0.435863733291626
7331,0.04539790749549866
7332,0.6610346436500549
7333,0.8936737179756165
7334,0.8977033495903015
7335,0.04154835641384125
7336,0.9738746881484985
7337,2.4171087716240436e-05
7338,0.4143865704536438
7339,0.0007347199134528637
7340,0.9387208819389343
7341,0.9999932050704956
7342,0.13532495498657227
7343,0.9538876414299011
7344,0.05041174590587616
7345,0.0007379540475085378
7346,0.9999772310256958
7347,0.9997978806495667
7348,0.9948338270187378
7349,0.017522694543004036
7350,0.9545379877090454
7351,0.2053697258234024
7352,0.8156698346138
7353,0.9068540930747986
7354,0.029705632477998734
7355,6.359092026286817e-07
7356,0.00993747916072607
7357,0.0378006249666214
7358,0.9764808416366577
7359,0.9183129668235779
7360,2.654304509519534e-08
7361,0.5937681198120117
7362,5.725194895944696e-08
7363,1.3268500879348721e-05
7364,0.9812038540840149
7365,0.5266337990760803
7366,0.00745085533708334
7367,0.9351781606674194
7368,0.5490959286689758
7369,0.40657690167427063
7370,0.8653904795646667
7371,0.9665087461471558
7372,0.9773615002632141
7373,0.10315699130296707
7374,0.5523991584777832
7375,0.9779676198959351
7376,0.003963290248066187
7377,0.04984812065958977
7378,0.9988151788711548
7379,0.9970495700836182
7380,0.017405077815055847
7381,0.01350781787186861
7382,0.5711393356323242
7383,0.009103535674512386
7384,9.46275977184996e-05
7385,0.04001164808869362
7386,0.011790964752435684
7387,0.0006732668844051659
7388,0.9876509308815002
7389,0.0002962139842566103
7390,0.9991864562034607
7391,0.2833297550678253
7392,0.9998182654380798
7393,0.9999972581863403
7394,0.09259138256311417
7395,0.999458372592926
7396,0.00021320625091902912
7397,0.3428882360458374
7398,0.503833532333374
7399,0.034955479204654694
7400,0.231430321931839
7401,0.04186620935797691
7402,0.5071629285812378
7403,0.6984303593635559
7404,0.8471636772155762
7405,0.10187364369630814
7406,0.06479224562644958
7407,0.9992130994796753
7408,9.642443501434173e-07
7409,7.831845141481608e-05
7410,0.980148434638977
7411,0.08220047503709793
7412,0.3086998164653778
7413,0.9992043375968933
7414,0.04554995521903038
7415,0.8125208020210266
7416,0.004474544432014227
7417,0.4845372438430786
7418,0.0077783348970115185
7419,2.4302325982716866e-05
7420,0.9999666213989258
7421,0.780554473400116
7422,0.9953368306159973
7423,0.9999895095825195
7424,0.0022646626457571983
7425,0.27034854888916016
7426,0.009166672825813293
7427,0.999749481678009
7428,0.0011645450722426176
7429,0.13706012070178986
7430,0.996788740158081
7431,1.0
7432,0.050018806010484695
7433,0.00017105357255786657
7434,0.48316752910614014
7435,0.39360809326171875
7436,0.9993782043457031
7437,3.831355570582673e-06
7438,0.07380057126283646
7439,0.9999827146530151
7440,0.3677080571651459
7441,0.0002751269203145057
7442,0.6510559916496277
7443,0.7221912145614624
7444,0.02996903657913208
7445,0.936286449432373
7446,0.9981803894042969
7447,0.0010005738586187363
7448,0.9980095028877258
7449,0.19226832687854767
7450,1.0
7451,0.10112205892801285
7452,0.5369529724121094
7453,0.5318220853805542
7454,0.9999724626541138
7455,0.999875545501709
7456,0.0017311727860942483
7457,0.9702061414718628
7458,0.972931981086731
7459,7.447019925166387e-07
7460,0.002389473607763648
7461,0.8299547433853149
7462,0.45483309030532837
7463,0.8369920253753662
7464,0.18305931985378265
7465,0.9994195699691772
7466,0.8461554050445557
7467,0.9708179831504822
7468,0.9605786800384521
7469,0.9804362654685974
7470,0.2837892472743988
7471,0.24406088888645172
7472,0.0013094160240143538
7473,0.05370566248893738
7474,0.13924305140972137
7475,0.21135291457176208
7476,0.0007376921712420881
7477,0.00010121193918166682
7478,8.670502325003326e-07
7479,0.9706591367721558
7480,0.17703503370285034
7481,0.07152065634727478
7482,0.04513385891914368
7483,0.8705866932868958
7484,0.9998581409454346
7485,0.0021227782126516104
7486,0.0018889920320361853
7487,0.014301078394055367
7488,0.04824966564774513
7489,0.0002476204535923898
7490,1.0
7491,0.03419381007552147
7492,0.9984378218650818
7493,0.9703782200813293
7494,0.34714236855506897
7495,0.09108415246009827
7496,0.0013781734742224216
7497,0.005937710404396057
7498,0.0009265922708436847
7499,0.06553356349468231
7500,0.47411462664604187
7501,0.7265477776527405
7502,0.9984351992607117
7503,0.04174794629216194
7504,0.0034208435099571943
7505,0.45291581749916077
7506,0.762464702129364
7507,0.3562008738517761
7508,1.0619010026857723e-05
7509,0.9991211295127869
7510,0.9725270867347717
7511,0.2526039779186249
7512,0.3694000542163849
7513,0.3625014126300812
7514,0.036690812557935715
7515,0.0004252855433151126
7516,0.9999579191207886
7517,0.999997615814209
7518,0.8284072279930115
7519,0.6080440282821655
7520,0.9999682903289795
7521,0.9191401600837708
7522,0.03944890573620796
7523,0.9999994039535522
7524,0.9758087396621704
7525,0.9227331876754761
7526,0.9656097292900085
7527,0.23024027049541473
7528,0.9706307053565979
7529,0.996338963508606
7530,0.9434588551521301
7531,0.9988093376159668
7532,0.07542435824871063
7533,0.001449033385142684
7534,0.999815046787262
7535,0.015323583967983723
7536,0.9952207207679749
7537,0.5275701880455017
7538,0.9994557499885559
7539,0.964305579662323
7540,0.35627585649490356
7541,0.997381865978241
7542,0.9965885877609253
7543,0.9873918890953064
7544,0.9454079866409302
7545,0.0850740298628807
7546,0.6617580652236938
7547,0.9999929666519165
7548,1.0
7549,0.002199437003582716
7550,0.989825427532196
7551,0.9995971322059631
7552,0.9758196473121643
7553,0.9882336854934692
7554,0.9390310049057007
7555,0.9835129380226135
7556,0.11476773768663406
7557,0.38061490654945374
7558,0.9999884366989136
7559,0.9929131865501404
7560,0.003054116852581501
7561,0.024106500670313835
7562,0.8961012363433838
7563,0.5974801182746887
7564,0.9939301013946533
7565,0.0006531677790917456
7566,0.0032595882657915354
7567,0.9998571872711182
7568,0.0015842582797631621
7569,0.9869911074638367
7570,0.07621464878320694
7571,0.020376723259687424
7572,0.9999998807907104
7573,0.9827108979225159
7574,0.023532100021839142
7575,0.46963927149772644
7576,0.9634603261947632
7577,0.9342895150184631
7578,0.7926872372627258
7579,0.9996252059936523
7580,0.9763801097869873
7581,3.780623592319898e-05
7582,0.0758172944188118
7583,0.06031148135662079
7584,0.1895589679479599
7585,0.9961156845092773
7586,0.001402726280502975
7587,0.9963087439537048
7588,0.0112324059009552
7589,0.7032549977302551
7590,0.9865463972091675
7591,0.13958249986171722
7592,0.977095365524292
7593,0.0010444187792018056
7594,0.9933950304985046
7595,0.9963861703872681
7596,0.9994915723800659
7597,0.646407961845398
7598,0.00018329211161471903
7599,0.04630352184176445
7600,0.02633006125688553
7601,0.9959218502044678
7602,0.0001190191469504498
7603,0.7612982988357544
7604,0.9330690503120422
7605,0.28186583518981934
7606,0.5927108526229858
7607,0.00010338526772102341
7608,0.9998549222946167
7609,0.3357718884944916
7610,0.0005550985806621611
7611,0.06464667618274689
7612,0.7962068915367126
7613,0.9999982118606567
7614,0.2719011902809143
7615,0.996740996837616
7616,0.9999998807907104
7617,0.034607894718647
7618,0.4384104013442993
7619,7.971432751219254e-06
7620,0.760357141494751
7621,0.001330574625171721
7622,1.0
7623,0.37176159024238586
7624,0.0002507881436031312
7625,0.983644962310791
7626,0.0002511257480364293
7627,0.9988895058631897
7628,0.9995529055595398
7629,0.0367911234498024
7630,0.2706637978553772
7631,0.9999321699142456
7632,6.239178765099496e-05
7633,1.1389938991968052e-09
7634,0.9905521869659424
7635,0.29577428102493286
7636,0.7790567874908447
7637,0.9110291600227356
7638,0.002415031660348177
7639,0.8404660224914551
7640,0.0029855091124773026
7641,0.7662972211837769
7642,0.532910168170929
7643,0.8954768776893616
7644,0.04087705910205841
7645,0.8746171593666077
7646,0.9974925518035889
7647,0.08640708029270172
7648,1.0
7649,0.009558883495628834
7650,0.010737081058323383
7651,0.0006244899705052376
7652,0.9999384880065918
7653,0.9465682506561279
7654,0.999214768409729
7655,0.996988832950592
7656,0.004942778963595629
7657,1.287429768126458e-06
7658,0.9966897964477539
7659,0.6610586643218994
7660,0.7816347479820251
7661,0.00034555429010652006
7662,0.9999969005584717
7663,0.9976715445518494
7664,0.9994915723800659
7665,0.8186687231063843
7666,0.9264971613883972
7667,0.662310004234314
7668,1.0
7669,0.02639816515147686
7670,0.4000151455402374
7671,0.9894574284553528
7672,7.416091830236837e-05
7673,0.7622771859169006
7674,0.9999984502792358
7675,0.0004823761701118201
7676,0.15734834969043732
7677,0.9191496968269348
7678,0.9604373574256897
7679,0.037199173122644424
7680,0.3763178884983063
7681,0.7692587375640869
7682,0.05422980338335037
7683,0.8046692609786987
7684,0.9865908622741699
7685,0.009444431401789188
7686,0.014448709785938263
7687,0.00040156772593036294
7688,0.06944286078214645
7689,0.00036156264832243323
7690,0.0072912550531327724
7691,0.10561820864677429
7692,0.00013360587763600051
7693,0.1328931748867035
7694,0.9999047517776489
7695,0.9999990463256836
7696,0.9986706972122192
7697,0.009471012279391289
7698,1.7759608454070985e-05
7699,8.378788334084675e-05
7700,0.061527591198682785
7701,0.0904308632016182
7702,1.6306879402350205e-08
7703,6.559555458807154e-07
7704,0.9891568422317505
7705,0.0008486138540320098
7706,0.07512152194976807
7707,0.04656621813774109
7708,0.4660032391548157
7709,0.17173975706100464
7710,0.9953755140304565
7711,1.0
7712,8.990225069283042e-06
7713,0.18665438890457153
7714,0.010292449034750462
7715,0.9500991702079773
7716,0.6705573201179504
7717,0.0001072433587978594
7718,0.5935615301132202
7719,0.999459445476532
7720,0.10683674365282059
7721,3.860241486108862e-05
7722,0.38616904616355896
7723,0.2672652006149292
7724,0.0003907530626747757
7725,0.8069931268692017
7726,0.03561185672879219
7727,1.707232149783522e-05
7728,0.3323647975921631
7729,0.0844283178448677
7730,0.008774179965257645
7731,0.14371837675571442
7732,0.9999531507492065
7733,0.015964709222316742
7734,0.8268735408782959
7735,0.9999949932098389
7736,0.1374737024307251
7737,0.8360013365745544
7738,0.9999755620956421
7739,0.013301064260303974
7740,6.357806228152185e-07
7741,0.5795466899871826
7742,5.7527537137502804e-05
7743,0.0006925700581632555
7744,0.00029599349363707006
7745,0.39647340774536133
7746,0.0013285430613905191
7747,0.9195235371589661
7748,0.9981887936592102
7749,0.0005505139706656337
7750,0.6135590672492981
7751,0.8313195109367371
7752,0.6786584258079529
7753,0.0019171010935679078
7754,0.8176625967025757
7755,0.0014389004791155457
7756,0.057167232036590576
7757,4.8179404984693974e-05
7758,0.3595932126045227
7759,0.0542852059006691
7760,0.8692868947982788
7761,1.541431970508711e-06
7762,0.0012268942082300782
7763,0.0007382923504337668
7764,0.9892092347145081
7765,1.0
7766,0.9984827637672424
7767,0.1227433830499649
7768,1.3617313925351482e-05
7769,0.9542778134346008
7770,0.15271718800067902
7771,0.7161316871643066
7772,0.034726712852716446
7773,0.12280912697315216
7774,0.07778185606002808
7775,0.9891864657402039
7776,0.8762809634208679
7777,0.0006294187041930854
7778,0.00012430985225364566
7779,1.984714253921993e-05
7780,0.6119630336761475
7781,0.0044889897108078
7782,0.14725063741207123
7783,0.6976950168609619
7784,8.390691618842538e-06
7785,0.9966340661048889
7786,0.2919899523258209
7787,0.005816997028887272
7788,0.2619885504245758
7789,0.9522956013679504
7790,0.4829765856266022
7791,0.4142841398715973
7792,0.9272860288619995
7793,6.094252285038237e-07
7794,0.029750853776931763
7795,2.7917794742648994e-09
7796,0.027084052562713623
7797,0.999993085861206
7798,0.6257150769233704
7799,0.9991045594215393
7800,0.0812729150056839
7801,0.7910940647125244
7802,0.001029466511681676
7803,0.7110531330108643
7804,0.9231727719306946
7805,0.00045808820868842304
7806,2.9768172680633143e-05
7807,0.9926228523254395
7808,0.008240937255322933
7809,0.0020209054928272963
7810,0.07078231871128082
7811,0.00029609142802655697
7812,0.9585893750190735
7813,0.986054003238678
7814,0.9991901516914368
7815,0.5844886302947998
7816,0.9999966621398926
7817,0.5081589818000793
7818,0.8684718608856201
7819,0.009130671620368958
7820,0.49901288747787476
7821,0.0003334850480314344
7822,0.992935836315155
7823,0.7107572555541992
7824,0.024102283641695976
7825,1.9796254491666332e-05
7826,0.9999946355819702
7827,0.9813358783721924
7828,0.9999872446060181
7829,0.9219605326652527
7830,0.05782241001725197
7831,0.021910985931754112
7832,0.0019026189111173153
7833,0.08960426598787308
7834,0.9999982118606567
7835,0.9999033212661743
7836,0.985141396522522
7837,0.997379720211029
7838,0.9975323677062988
7839,0.9995959401130676
7840,0.007857101038098335
7841,0.07105731964111328
7842,0.24441535770893097
7843,0.14274364709854126
7844,0.5441195368766785
7845,0.42744141817092896
7846,0.16223275661468506
7847,0.2811630964279175
7848,0.9999998807907104
7849,0.0015647122636437416
7850,0.00020409065473359078
7851,0.00013174516789149493
7852,0.6529441475868225
7853,0.9999738931655884
7854,0.16955117881298065
7855,0.011312986724078655
7856,0.9883044958114624
7857,0.0033718934282660484
7858,0.005646048579365015
7859,1.747998368273329e-08
7860,0.3506176769733429
7861,0.9320825934410095
7862,2.683883337795123e-07
7863,0.007089392282068729
7864,0.8265913128852844
7865,0.09833739697933197
7866,0.9968121647834778
7867,0.0012246841797605157
7868,0.0014846940757706761
7869,1.0
7870,0.03901363164186478
7871,0.05221577733755112
7872,0.9999948740005493
7873,0.9998608827590942
7874,0.8690202236175537
7875,0.6864118576049805
7876,0.46746939420700073
7877,0.9222914576530457
7878,0.1041051596403122
7879,0.5240052342414856
7880,0.9957451224327087
7881,0.9999966621398926
7882,0.10790163278579712
7883,1.772169525793288e-06
7884,0.196222722530365
7885,0.9105488657951355
7886,0.57272869348526
7887,0.6456664204597473
7888,0.0492648184299469
7889,1.195874392578844e-05
7890,0.008552000857889652
7891,0.026168106123805046
7892,0.9999891519546509
7893,0.19320356845855713
7894,0.995267391204834
7895,0.009892868809401989
7896,0.9750681519508362
7897,0.006742377299815416
7898,2.503470386727713e-05
7899,0.19192028045654297
7900,0.9971150159835815
7901,0.9736818671226501
7902,0.9999992847442627
7903,0.9953321814537048
7904,0.0006233218009583652
7905,0.3907882273197174
7906,0.9990328550338745
7907,0.7073462605476379
7908,0.049249932169914246
7909,0.9938350915908813
7910,0.8473832011222839
7911,1.0
7912,0.9937196969985962
7913,0.9891582727432251
7914,0.8339210748672485
7915,0.015034366399049759
7916,0.006375977769494057
7917,1.137484332502936e-06
7918,0.8111487030982971
7919,0.3554205298423767
7920,0.07139579951763153
7921,0.022189125418663025
7922,0.9651946425437927
7923,0.004667454399168491
7924,0.005798418074846268
7925,1.0
7926,0.0017951371846720576
7927,0.7723255157470703
7928,0.9969011545181274
7929,0.9999880790710449
7930,0.42375752329826355
7931,0.11215393990278244
7932,0.9992115497589111
7933,0.9457325339317322
7934,0.8856697678565979
7935,0.08933290839195251
7936,0.00011563539737835526
7937,0.8911091089248657
7938,0.9953683614730835
7939,0.8519526124000549
7940,0.06855795532464981
7941,0.04981758072972298
7942,0.9075396060943604
7943,0.8592590689659119
7944,0.0833016112446785
7945,0.8666627407073975
7946,0.954285740852356
7947,0.9280509352684021
7948,0.04161406680941582
7949,0.9982428550720215
7950,0.00038511984166689217
7951,0.00010446027590660378
7952,0.9539057612419128
7953,0.4739989936351776
7954,0.00017964492144528776
7955,0.004840248730033636
7956,0.9906450510025024
7957,0.3622238337993622
7958,6.692661554552615e-05
7959,0.9410131573677063
7960,0.999998927116394
7961,0.09710397571325302
7962,0.015584750100970268
7963,0.9990707039833069
7964,0.973895251750946
7965,0.0010714852251112461
7966,0.021211594343185425
7967,0.9992732405662537
7968,0.09989029169082642
7969,0.999923825263977
7970,5.915882138651796e-05
7971,0.0035535187926143408
7972,0.0034182567615062
7973,0.0006941350875422359
7974,0.0004214700311422348
7975,0.9999895095825195
7976,0.008516430854797363
7977,0.005387655459344387
7978,1.790291435099789e-07
7979,0.00029543048003688455
7980,0.23648907244205475
7981,0.999170184135437
7982,0.9985710382461548
7983,0.001533483387902379
7984,0.014698557555675507
7985,0.5212734341621399
7986,0.10444386303424835
7987,0.0019507907563820481
7988,0.6116330027580261
7989,0.00029992443160153925
7990,0.9999943971633911
7991,0.018486924469470978
7992,0.005043825134634972
7993,0.9889745712280273
7994,2.144813879567664e-05
7995,0.8778698444366455
7996,0.00472228741273284
7997,0.657900869846344
7998,0.9807859063148499
7999,0.07482228428125381
8000,0.42073965072631836
8001,4.8896545195020735e-06
8002,0.00014684277994092554
8003,0.9948227405548096
8004,9.500079158897279e-07
8005,0.4735507071018219
8006,0.0001751111267367378
8007,0.008998804725706577
8008,0.9999939203262329
8009,0.23076626658439636
8010,0.9593382477760315
8011,0.9999991655349731
8012,0.6302908062934875
8013,0.5524774193763733
8014,0.989879846572876
8015,0.9407050013542175
8016,0.9993103742599487
8017,0.11195377260446548
8018,0.5598100423812866
8019,0.9753502607345581
8020,0.09308769553899765
8021,1.0
8022,1.137484332502936e-06
8023,0.4166114032268524
8024,0.3596930205821991
8025,0.20712962746620178
8026,0.37010201811790466
8027,0.6634586453437805
8028,0.9528856873512268
8029,0.11988748610019684
8030,0.0011754026636481285
8031,0.9998795986175537
8032,0.7340382933616638
8033,0.9268084168434143
8034,0.0019451614934951067
8035,0.0005397535278461874
8036,0.007342037279158831
8037,0.9843383431434631
8038,3.32190347762662e-06
8039,0.01273877639323473
8040,0.002128693275153637
8041,1.0762046542822645e-07
8042,0.04380600526928902
8043,0.9996287822723389
8044,0.039312057197093964
8045,0.021860167384147644
8046,9.621228855394293e-06
8047,0.000570832344237715
8048,0.404629647731781
8049,0.9999158382415771
8050,0.15711061656475067
8051,0.997596800327301
8052,0.023851929232478142
8053,0.0363009050488472
8054,0.9950483441352844
8055,0.9628132581710815
8056,0.9957970380783081
8057,0.9838427305221558
8058,0.9996246099472046
8059,0.02151516079902649
8060,0.0003062681935261935
8061,0.8092803955078125
8062,1.4605579053750262e-05
8063,0.00013653638598043472
8064,0.8232909440994263
8065,0.9867362380027771
8066,0.8681658506393433
8067,0.8639585971832275
8068,0.2848499119281769
8069,0.009589078836143017
8070,0.6441918611526489
8071,0.0015794204082340002
8072,0.9999982118606567
8073,0.35841989517211914
8074,0.22928887605667114
8075,0.3239709734916687
8076,0.9999855756759644
8077,1.0
8078,0.9998703002929688
8079,0.004502338822931051
8080,0.5807604789733887
8081,0.008938579820096493
8082,0.8950411081314087
8083,0.25706979632377625
8084,0.9413602352142334
8085,0.11028695106506348
8086,0.3183633089065552
8087,0.19816501438617706
8088,0.9713159799575806
8089,0.362225204706192
8090,0.23515431582927704
8091,0.9996395111083984
8092,0.9389784336090088
8093,0.00532593484967947
8094,0.20977437496185303
8095,0.8811865448951721
8096,0.9999785423278809
8097,0.003894789144396782
8098,0.061627715826034546
8099,0.005712668877094984
8100,0.0011322632199153304
8101,0.4230494797229767
8102,0.9784744381904602
8103,0.9999963045120239
8104,0.9965077042579651
8105,0.12445919215679169
8106,0.7483917474746704
8107,0.0022957066539674997
8108,0.0044292546808719635
8109,0.04035300761461258
8110,0.9940955638885498
8111,0.018053365871310234
8112,0.4750445485115051
8113,0.9896795749664307
8114,0.9999988079071045
8115,0.0006070029339753091
8116,0.0007276904652826488
8117,0.5574501752853394
8118,0.9945603013038635
8119,1.1530756793831642e-08
8120,0.00030414899811148643
8121,0.9966055154800415
8122,0.9626738429069519
8123,1.0
8124,0.21535399556159973
8125,0.023474516347050667
8126,0.1134515330195427
8127,0.9978260397911072
8128,0.026553435251116753
8129,0.12624181807041168
8130,0.19784483313560486
8131,0.9914081692695618
8132,1.5903447447840335e-08
8133,0.06809791177511215
8134,0.3712364137172699
8135,0.005268823355436325
8136,0.9831132888793945
8137,0.0017357920296490192
8138,0.0023432171437889338
8139,0.7176156044006348
8140,0.9409315586090088
8141,8.882892871042714e-06
8142,0.7650930285453796
8143,0.8487682342529297
8144,0.0010869058314710855
8145,0.9851579070091248
8146,0.0067859007976949215
8147,0.003309462917968631
8148,0.9980144500732422
8149,0.08346553891897202
8150,0.18512341380119324
8151,0.011833378113806248
8152,0.08104436099529266
8153,0.9999979734420776
8154,0.020555835217237473
8155,0.9997245669364929
8156,0.6544730067253113
8157,0.6030969619750977
8158,0.1577809900045395
8159,0.9622173309326172
8160,0.7376700043678284
8161,0.14827436208724976
8162,0.9999998807907104
8163,0.8183690309524536
8164,0.9521580934524536
8165,0.6136858463287354
8166,0.0008677573059685528
8167,0.006083305459469557
8168,0.6122490763664246
8169,0.9999992847442627
8170,0.5222719311714172
8171,0.2173561006784439
8172,0.05766754969954491
8173,0.9912228584289551
8174,0.999997615814209
8175,0.011956105940043926
8176,5.293764115776867e-05
8177,0.8910493850708008
8178,0.5017433166503906
8179,0.38464972376823425
8180,0.999592125415802
8181,0.04390642046928406
8182,0.9826961755752563
8183,0.9838488101959229
8184,1.7806651158025488e-05
8185,0.7543166875839233
8186,0.021693076938390732
8187,0.9999805688858032
8188,0.005508735775947571
8189,0.011970384046435356
8190,0.03599255532026291
8191,0.06298445165157318
8192,0.14991779625415802
8193,0.9483283162117004
8194,0.8875318169593811
8195,0.2960550785064697
8196,0.009408905170857906
8197,0.5619094371795654
8198,0.16131652891635895
8199,0.9998235106468201
8200,0.16114383935928345
8201,0.9999501705169678
8202,0.042762935161590576
8203,6.765169382560998e-05
8204,6.474688234447967e-07
8205,0.8861759305000305
8206,0.9046382308006287
8207,0.9994932413101196
8208,0.9445360898971558
8209,0.0001978036161744967
8210,0.0036323422100394964
8211,0.21803385019302368
8212,0.05495272949337959
8213,0.0056867641396820545
8214,0.15985174477100372
8215,0.9235377311706543
8216,0.9999954700469971
8217,0.08050853759050369
8218,0.00010975299665005878
8219,0.9848256707191467
8220,0.038758810609579086
8221,0.9202525615692139
8222,8.361603977391496e-05
8223,0.9999997615814209
8224,0.9848145246505737
8225,0.0379067100584507
8226,0.11262372881174088
8227,0.9752284288406372
8228,0.9999439716339111
8229,0.9998883008956909
8230,0.6973118782043457
8231,1.4806011677137576e-05
8232,0.005523346830159426
8233,0.019847383722662926
8234,0.9646718502044678
8235,0.6223928928375244
8236,0.9142706394195557
8237,0.0010530931176617742
8238,0.13538870215415955
8239,0.0075627476908266544
8240,0.33660709857940674
8241,0.018417300656437874
8242,0.541689395904541
8243,0.65677809715271
8244,0.01732182689011097
8245,0.00017380579083692282
8246,0.9999992847442627
8247,0.9477468729019165
8248,0.9979596138000488
8249,0.32572898268699646
8250,0.9257670640945435
8251,0.451955109834671
8252,0.24973168969154358
8253,6.647932877967833e-06
8254,0.5013322830200195
8255,0.0199443232268095
8256,0.99998939037323
8257,0.20728044211864471
8258,0.10960902273654938
8259,0.7672733664512634
8260,0.3292238116264343
8261,0.012877191416919231
8262,0.007547801826149225
8263,0.41108274459838867
8264,0.11201882362365723
8265,0.14237342774868011
8266,0.8209113478660583
8267,0.9999996423721313
8268,0.02106458693742752
8269,0.9932503700256348
8270,0.0009542383486405015
8271,0.9975318908691406
8272,0.4574270248413086
8273,0.0077385064214468
8274,0.00010446804662933573
8275,0.47757941484451294
8276,0.9822574257850647
8277,0.0023658236023038626
8278,0.9229753017425537
8279,0.2813883125782013
8280,0.999125063419342
8281,0.9848804473876953
8282,0.9235556721687317
8283,0.9999992847442627
8284,0.5172436237335205
8285,0.9999884366989136
8286,0.9999996423721313
8287,0.48076167702674866
8288,0.9999990463256836
8289,0.9157993793487549
8290,0.8775131702423096
8291,0.2687237858772278
8292,0.9999990463256836
8293,0.005401866044849157
8294,0.0012075762497261167
8295,0.0006349391187541187
8296,0.0003481127496343106
8297,3.913500563612615e-07
8298,0.47049394249916077
8299,0.0002651276590768248
8300,0.47573837637901306
8301,0.9617660641670227
8302,0.5490084290504456
8303,0.03268573433160782
8304,0.9999682903289795
8305,0.4920564591884613
8306,0.9955714344978333
8307,0.00010615965584293008
8308,0.0011356669710949063
8309,0.004716430325061083
8310,0.9999998807907104
8311,0.042075712233781815
8312,0.006044966634362936
8313,0.9937530159950256
8314,0.014208006672561169
8315,3.6809753964917036e-06
8316,0.9953216910362244
8317,0.0029902420938014984
8318,0.008787008933722973
8319,0.040728092193603516
8320,0.017092637717723846
8321,0.6616144180297852
8322,0.7326056957244873
8323,0.19770944118499756
8324,0.9939725995063782
8325,0.4418540596961975
8326,0.991797685623169
8327,1.0
8328,0.008894512429833412
8329,0.24193549156188965
8330,1.96504168492595e-09
8331,0.794483482837677
8332,0.8068392276763916
8333,0.8743330836296082
8334,0.000443821307271719
8335,0.9999997615814209
8336,0.13070844113826752
8337,0.9653432369232178
8338,0.0007867958047427237
8339,0.20307260751724243
8340,0.2529134154319763
8341,0.7901977896690369
8342,0.9467051029205322
8343,0.8917641639709473
8344,0.9184828996658325
8345,0.0059391288086771965
8346,0.010206405073404312
8347,0.9606571197509766
8348,0.01784599758684635
8349,0.01225965190678835
8350,0.9999951124191284
8351,0.009956423193216324
8352,0.18615661561489105
8353,0.002178327878937125
8354,9.248848800780252e-05
8355,0.9544122815132141
8356,0.0002168244100175798
8357,0.9828892350196838
8358,0.2089483141899109
8359,2.99282037303783e-05
8360,1.0
8361,0.1564931422472
8362,0.5347436666488647
8363,0.004285337869077921
8364,0.8737106919288635
8365,0.6290981769561768
8366,0.7425169944763184
8367,0.00019420927856117487
8368,0.12085460126399994
8369,0.9998997449874878
8370,0.002174012130126357
8371,0.017770174890756607
8372,0.1777621954679489
8373,0.00010902606300078332
8374,0.0016718952683731914
8375,0.21876753866672516
8376,1.203902684210334e-05
8377,0.002378408797085285
8378,0.14559367299079895
8379,0.6276532411575317
8380,0.9969430565834045
8381,0.0007484644302166998
8382,0.9997171759605408
8383,0.014404366724193096
8384,0.999127209186554
8385,0.04994146153330803
8386,0.624264657497406
8387,0.00048463218263350427
8388,0.9987668991088867
8389,0.9940164089202881
8390,0.25329333543777466
8391,0.0055807302705943584
8392,0.9494282603263855
8393,0.0012100540334358811
8394,0.9999949932098389
8395,0.9623096585273743
8396,0.9999899864196777
8397,0.8167212009429932
8398,0.9499533772468567
8399,0.9999942779541016
8400,0.0005313771544024348
8401,0.004773391876369715
8402,0.04559461772441864
8403,0.9815426468849182
8404,3.818065670202486e-05
8405,0.00289489165879786
8406,0.6998277306556702
8407,0.871580183506012
8408,0.02112482860684395
8409,5.30721126779099e-06
8410,0.38023924827575684
8411,0.07875493913888931
8412,0.9999949932098389
8413,0.00015473298844881356
8414,0.9999345541000366
8415,0.9994983673095703
8416,0.7675155401229858
8417,0.04473211243748665
8418,0.15346671640872955
8419,0.9621930718421936
8420,0.0028755804523825645
8421,0.02301909029483795
8422,0.9982820749282837
8423,0.03823721781373024
8424,0.6981813311576843
8425,0.03190303593873978
8426,5.47269474182599e-09
8427,0.7505113482475281
8428,0.9547571539878845
8429,0.7056095004081726
8430,0.9982244372367859
8431,0.0001195333679788746
8432,0.0032757881563156843
8433,1.0
8434,0.9993312358856201
8435,0.001229160581715405
8436,0.0022235584910959005
8437,0.0010043468791991472
8438,1.0
8439,0.9998980760574341
8440,0.6950495839118958
8441,0.017140882089734077
8442,0.12210264056921005
8443,0.2415364682674408
8444,0.9995943903923035
8445,0.8002358675003052
8446,0.0011717929737642407
8447,0.007668086793273687
8448,0.9999984502792358
8449,0.9999041557312012
8450,0.3100235164165497
8451,0.9999549388885498
8452,2.9949100280646235e-05
8453,1.0053249752672855e-05
8454,3.945628122892231e-05
8455,0.9200457334518433
8456,0.04553870111703873
8457,0.9995044469833374
8458,0.011889327317476273
8459,0.00013855195720680058
8460,0.8946781754493713
8461,0.9999897480010986
8462,0.0003299048403277993
8463,0.9988210797309875
8464,0.9492459297180176
8465,0.21843762695789337
8466,0.0007345682824961841
8467,0.9985485672950745
8468,0.7566760778427124
8469,7.761259621474892e-05
8470,0.9992129802703857
8471,0.003060095477849245
8472,0.000978269032202661
8473,0.06262855231761932
8474,0.9988707900047302
8475,0.0655592828989029
8476,0.9999997615814209
8477,0.33892151713371277
8478,0.357646644115448
8479,0.02208259329199791
8480,0.1559346318244934
8481,1.0
8482,9.066499478649348e-05
8483,0.9961339235305786
8484,0.4161701500415802
8485,0.9999998807907104
8486,0.9999316930770874
8487,0.0026327730156481266
8488,0.9992116689682007
8489,0.036195795983076096
8490,0.9316363334655762
8491,0.663339376449585
8492,5.728261385229416e-05
8493,0.0009680248331278563
8494,0.0076637486927211285
8495,0.9985759258270264
8496,0.12995393574237823
8497,0.9305971264839172
8498,8.60233703861013e-05
8499,0.0018067266792058945
8500,0.3700360059738159
8501,0.1631530374288559
8502,5.993615104671335e-06
8503,0.9993752837181091
8504,0.013954359106719494
8505,0.9922208189964294
8506,0.001448080176487565
8507,0.01650398038327694
8508,0.19090233743190765
8509,0.012841079384088516
8510,0.9997082352638245
8511,0.3051283359527588
8512,0.5850709080696106
8513,0.002451198874041438
8514,0.0001338259462499991
8515,0.9999841451644897
8516,0.039168279618024826
8517,0.2527148723602295
8518,0.9019879698753357
8519,0.13196666538715363
8520,0.0005328704137355089
8521,0.8481289148330688
8522,0.6353796124458313
8523,0.0010681947460398078
8524,0.7557849287986755
8525,0.0022350747603923082
8526,0.07711094617843628
8527,0.44255849719047546
8528,0.9919473528862
8529,0.037199173122644424
8530,0.19841131567955017
8531,0.08241123706102371
8532,0.9497612714767456
8533,0.07938595116138458
8534,0.9999991655349731
8535,0.00035593638313002884
8536,0.003016031812876463
8537,0.2575150430202484
8538,0.48020681738853455
8539,0.7985649108886719
8540,0.9756338596343994
8541,0.9990948438644409
8542,0.9812332391738892
8543,0.9672488570213318
8544,0.7184759378433228
8545,1.0
8546,0.0006540445610880852
8547,0.9153602123260498
8548,0.32505670189857483
8549,0.004116205032914877
8550,0.244847372174263
8551,0.10291338711977005
8552,0.0001774990523699671
8553,0.25581637024879456
8554,0.0029368947725743055
8555,3.801557468818828e-08
8556,0.04500553756952286
8557,0.19857844710350037
8558,0.006290066055953503
8559,0.9999465942382812
8560,0.9804014563560486
8561,0.9999877214431763
8562,0.6210348606109619
8563,0.3314323127269745
8564,0.865119218826294
8565,0.19954851269721985
8566,1.0443749260957702e-06
8567,0.19319351017475128
8568,0.23462821543216705
8569,0.9999998807907104
8570,0.002576302969828248
8571,0.9291401505470276
8572,0.18244150280952454
8573,0.23286211490631104
8574,0.0007674134685657918
8575,0.4434697926044464
8576,0.00034029968082904816
8577,0.09412172436714172
8578,0.34908345341682434
8579,0.9999823570251465
8580,0.00019224968855269253
8581,0.9833070039749146
8582,0.0038001989014446735
8583,0.9984503984451294
8584,0.03926490619778633
8585,0.02005854807794094
8586,0.0064684003591537476
8587,0.037599559873342514
8588,0.9964274764060974
8589,0.6488301157951355
8590,0.9999983310699463
8591,0.7233571410179138
8592,0.018221234902739525
8593,0.00041354645509272814
8594,0.008205217309296131
8595,0.2997928857803345
8596,0.9634723663330078
8597,0.043562278151512146
8598,0.0006068496149964631
8599,0.0031585029792040586
8600,0.9170050621032715
8601,0.9999884366989136
8602,0.00715468218550086
8603,0.21277254819869995
8604,0.45855820178985596
8605,0.01640898734331131
8606,0.44840162992477417
8607,0.0034633593168109655
8608,0.0025669243186712265
8609,0.03195254132151604
8610,0.39496907591819763
8611,0.87110435962677
8612,0.3665342628955841
8613,0.9998935461044312
8614,0.06051244959235191
8615,0.9994743466377258
8616,0.011549011804163456
8617,0.08702051639556885
8618,0.01605023629963398
8619,1.958853914629799e-07
8620,0.9900458455085754
8621,0.14269758760929108
8622,1.0
8623,0.0014835747424513102
8624,0.003906808327883482
8625,0.0011193345999345183
8626,0.008949962444603443
8627,0.021370254456996918
8628,0.9600818753242493
8629,0.7292882204055786
8630,0.825592041015625
8631,0.42814815044403076
8632,0.9993883371353149
8633,0.9989905953407288
8634,0.984603226184845
8635,0.8026688098907471
8636,0.999976396560669
8637,1.0
8638,0.9999163150787354
8639,7.657179958187044e-05
8640,0.0018658852204680443
8641,8.920363256947894e-07
8642,0.9902890920639038
8643,0.02124558575451374
8644,0.7542997002601624
8645,0.9774425029754639
8646,0.684114933013916
8647,0.00019753712695091963
8648,0.9985443353652954
8649,5.2897314162692055e-05
8650,1.3693886103283148e-05
8651,0.9999996423721313
8652,0.006327236536890268
8653,0.42880094051361084
8654,0.9665822982788086
8655,0.9562252163887024
8656,0.15803313255310059
8657,0.4130914807319641
8658,0.9610410332679749
8659,0.9967593550682068
8660,0.0003956208238378167
8661,0.998867392539978
8662,0.0036387876607477665
8663,0.5631469488143921
8664,0.9544463753700256
8665,3.386626121937297e-05
8666,0.8363683223724365
8667,0.0021708225831389427
8668,1.0
8669,0.12660443782806396
8670,0.8739417195320129
8671,0.9147882461547852
8672,0.9132556915283203
8673,0.3668380081653595
8674,0.00022224294662009925
8675,0.9993674159049988
8676,0.3080142140388489
8677,0.646267294883728
8678,0.0021356530487537384
8679,7.940087380120531e-05
8680,0.12369353324174881
8681,0.11457055807113647
8682,0.00016554018657188863
8683,0.07046569883823395
8684,0.00022311026987154037
8685,0.00020876480266451836
8686,0.9904346466064453
8687,0.1075911670923233
8688,0.5882392525672913
8689,6.042250606697053e-05
8690,0.07322119921445847
8691,0.9999957084655762
8692,5.369738005356339e-07
8693,0.9751877784729004
8694,0.158852681517601
8695,0.9293824434280396
8696,0.034661684185266495
8697,0.9999539852142334
8698,0.00018824453582055867
8699,0.994965136051178
8700,0.9441493153572083
8701,0.07802221179008484
8702,0.8012824058532715
8703,0.04292580857872963
8704,0.24104201793670654
8705,0.47033724188804626
8706,0.880169153213501
8707,0.9932804703712463
8708,0.2298355996608734
8709,0.00480437558144331
8710,1.9658486053231172e-05
8711,4.8802376113599166e-05
8712,0.9243817329406738
8713,0.9992024302482605
8714,0.12467467039823532
8715,0.43508315086364746
8716,0.03305209428071976
8717,2.1615513105643913e-05
8718,0.00022613168403040618
8719,0.7041909694671631
8720,0.11690636724233627
8721,0.4710801839828491
8722,0.999983549118042
8723,0.003199411556124687
8724,1.8455365307090688e-06
8725,0.9984083771705627
8726,0.5435746908187866
8727,0.4793383479118347
8728,0.6413167119026184
8729,0.8929157853126526
8730,0.9962583780288696
8731,0.031754687428474426
8732,0.9996287822723389
8733,0.5460855960845947
8734,0.005905610509216785
8735,0.00012646552931983024
8736,0.7471523880958557
8737,0.0008413827163167298
8738,0.1621631383895874
8739,0.9999681711196899
8740,0.9990656971931458
8741,0.06032533943653107
8742,0.1255512535572052
8743,0.8226238489151001
8744,0.16527853906154633
8745,0.8201860785484314
8746,0.9994972944259644
8747,0.00014515427756123245
8748,1.7604841104912339e-06
8749,0.0031162332743406296
8750,1.350156708213035e-05
8751,0.04838895797729492
8752,0.0007849008543416858
8753,0.008985751308500767
8754,0.01570642739534378
8755,0.9997630715370178
8756,0.9741936326026917
8757,0.09268710017204285
8758,0.17724628746509552
8759,0.5142184495925903
8760,0.13955862820148468
8761,0.049935322254896164
8762,0.9999186992645264
8763,0.13344061374664307
8764,1.0689692544474383e-06
8765,0.020187705755233765
8766,0.02288559451699257
8767,0.9986384510993958
8768,0.9508430361747742
8769,0.5166714787483215
8770,1.3492826838046312e-05
8771,0.9990414977073669
8772,0.010551385581493378
8773,1.2010449609078933e-05
8774,0.4870060980319977
8775,0.9350077509880066
8776,0.001377758919261396
8777,2.1938941774379828e-09
8778,0.007305551320314407
8779,0.9999910593032837
8780,0.010664287023246288
8781,0.004109443165361881
8782,0.002087733708322048
8783,0.12513771653175354
8784,0.9978829026222229
8785,0.32413235306739807
8786,0.23965813219547272
8787,0.6685639023780823
8788,0.9989089965820312
8789,0.9979900121688843
8790,0.03494199737906456
8791,0.9997873902320862
8792,0.9999995231628418
8793,0.815155029296875
8794,0.9875946044921875
8795,0.028484290465712547
8796,0.902190625667572
8797,0.9994930028915405
8798,0.6996645927429199
8799,0.9893146753311157
8800,0.9999982118606567
8801,0.03196477144956589
8802,0.9999690055847168
8803,0.017412152141332626
8804,0.91935795545578
8805,0.0002282619389006868
8806,0.21284908056259155
8807,0.7777084708213806
8808,0.6025050282478333
8809,0.9994539618492126
8810,0.009162533096969128
8811,0.09413647651672363
8812,0.4683798551559448
8813,0.010873554274439812
8814,0.01928744651377201
8815,0.6327604651451111
8816,0.9717943072319031
8817,0.9999905824661255
8818,0.9963057041168213
8819,0.9999977350234985
8820,0.005659822374582291
8821,0.9500168561935425
8822,0.7616193890571594
8823,0.7913684248924255
8824,0.23795229196548462
8825,0.0009356496739201248
8826,0.002604143926873803
8827,0.9679723381996155
8828,0.9992080330848694
8829,0.9058564901351929
8830,0.011501820757985115
8831,0.35960155725479126
8832,0.038438476622104645
8833,0.9991752505302429
8834,0.5830846428871155
8835,0.9999949932098389
8836,0.0009049217333085835
8837,0.024223893880844116
8838,0.6273680329322815
8839,0.10969806462526321
8840,0.861002504825592
8841,0.0011521335691213608
8842,1.0
8843,0.18735696375370026
8844,0.27320826053619385
8845,0.7833031415939331
8846,0.9870686531066895
8847,0.9623491764068604
8848,0.02221512421965599
8849,0.003525968873873353
8850,0.8866642117500305
8851,0.9681914448738098
8852,0.011489661410450935
8853,0.008978201076388359
8854,0.18436826765537262
8855,0.9999998807907104
8856,3.1375540856970474e-05
8857,0.9998611211776733
8858,0.008934813551604748
8859,0.40888434648513794
8860,0.5792102813720703
8861,0.9996106028556824
8862,0.9999972581863403
8863,0.9615123867988586
8864,0.9987741112709045
8865,0.9951424598693848
8866,0.03267952427268028
8867,0.9803662896156311
8868,0.3598908483982086
8869,0.9579663872718811
8870,0.5429098010063171
8871,0.0001787041110219434
8872,1.258965994566097e-06
8873,0.9992940425872803
8874,0.6459874510765076
8875,5.341974883776857e-06
8876,0.10675741732120514
8877,0.15000051259994507
8878,0.25342148542404175
8879,0.00138528470415622
8880,0.0013707235921174288
8881,1.0
8882,1.0
8883,0.5204702615737915
8884,0.9628287553787231
8885,8.802086121605102e-13
8886,0.00027426215820014477
8887,0.0019036561716347933
8888,0.9999395608901978
8889,0.3350261151790619
8890,0.012186255306005478
8891,0.028331972658634186
8892,0.9999926090240479
8893,9.036135452333838e-05
8894,1.218784018419683e-05
8895,0.00020099038374610245
8896,0.00016407792281825095
8897,0.9660449624061584
8898,1.0
8899,0.0014862274983897805
8900,0.023531034588813782
8901,0.9999697208404541
8902,0.9989301562309265
8903,0.0009497947175987065
8904,0.0006597111350856721
8905,0.0016780698206275702
8906,0.10227018594741821
8907,0.06422428786754608
8908,0.013273724354803562
8909,0.013823450542986393
8910,7.434626695612678e-06
8911,0.002758462680503726
8912,1.1880876627401449e-05
8913,0.996058464050293
8914,0.00021447321341838688
8915,0.9439263343811035
8916,0.006217343732714653
8917,2.8289059628150426e-06
8918,0.00029281870229169726
8919,0.225275918841362
8920,0.8945951461791992
8921,0.006528289522975683
8922,0.0002964290033560246
8923,0.015802467241883278
8924,0.968762218952179
8925,0.43350750207901
8926,0.3110103905200958
8927,0.968357503414154
8928,0.17999139428138733
8929,0.0030200579203665257
8930,0.8131148815155029
8931,0.010453903116285801
8932,2.25769017561106e-05
8933,0.9995976090431213
8934,0.07958162575960159
8935,0.9999446868896484
8936,0.9990863800048828
8937,0.6127415895462036
8938,0.9999953508377075
8939,0.9996731281280518
8940,0.00613104784861207
8941,8.425531268585473e-05
8942,7.557050139439525e-06
8943,0.019099848344922066
8944,0.7210553884506226
8945,0.9435319900512695
8946,0.00016903657524380833
8947,0.9999983310699463
8948,0.9067888259887695
8949,0.9923629760742188
8950,0.8506091833114624
8951,2.5266397642553784e-05
8952,0.9741469025611877
8953,0.9906386137008667
8954,0.8404309153556824
8955,0.8995786905288696
8956,3.3711945434333757e-05
8957,3.2824558729771525e-05
8958,0.9989830851554871
8959,0.9997772574424744
8960,0.9985283613204956
8961,0.9999700784683228
8962,0.0023425105027854443
8963,0.8034977912902832
8964,0.08674880862236023
8965,0.9999967813491821
8966,0.49329686164855957
8967,0.4759403169155121
8968,0.9950836896896362
8969,0.9999839067459106
8970,0.9996310472488403
8971,0.3483498692512512
8972,0.00020553905051201582
8973,0.6346118450164795
8974,0.6347253322601318
8975,0.9999562501907349
8976,0.9995450377464294
8977,0.9991160035133362
8978,0.8691149353981018
8979,0.24969197809696198
8980,0.9999299049377441
8981,0.03034348040819168
8982,0.9997351765632629
8983,0.9999569654464722
8984,0.06840619444847107
8985,0.9578962922096252
8986,0.7720528841018677
8987,0.06582464277744293
8988,0.3210904896259308
8989,0.035009101033210754
8990,0.626912534236908
8991,0.007612281944602728
8992,0.9995914101600647
8993,0.060988862067461014
8994,0.31411632895469666
8995,0.9874098896980286
8996,0.03842116519808769
8997,0.9159530997276306
8998,0.03334634006023407
8999,0.0667853057384491
9000,0.9992388486862183
9001,0.9211631417274475
9002,0.0002838284126482904
9003,0.1358954906463623
9004,0.8918113708496094
9005,0.9811386466026306
9006,0.9999485015869141
9007,0.9392077326774597
9008,3.911380190402269e-06
9009,0.34595662355422974
9010,0.0017630667425692081
9011,0.009206943213939667
9012,0.16135303676128387
9013,0.9918408393859863
9014,0.8149591684341431
9015,0.6267555356025696
9016,0.11185172945261002
9017,0.2820141315460205
9018,0.07991964370012283
9019,0.32626140117645264
9020,0.30898505449295044
9021,0.9897871017456055
9022,0.9999990463256836
9023,1.0
9024,4.8174854327953653e-08
9025,0.9428964257240295
9026,0.8706480860710144
9027,0.9919933080673218
9028,0.03285565227270126
9029,0.7339261770248413
9030,0.685578465461731
9031,0.9355294108390808
9032,0.014815584756433964
9033,0.15086525678634644
9034,0.030607938766479492
9035,0.24058742821216583
9036,0.03331172838807106
9037,0.757785439491272
9038,0.9366085529327393
9039,0.02950853668153286
9040,0.9999498128890991
9041,0.21138995885849
9042,0.01886473409831524
9043,0.4633753001689911
9044,0.9347618222236633
9045,0.9571108818054199
9046,0.011452196165919304
9047,0.0003140407206956297
9048,0.0008742885547690094
9049,0.0063286516815423965
9050,4.251634163665585e-05
9051,0.7669360637664795
9052,0.0010968382703140378
9053,7.051462944218656e-06
9054,0.02302969992160797
9055,0.3395818769931793
9056,0.0021915272809565067
9057,0.0013877010205760598
9058,0.9651787877082825
9059,0.9999843835830688
9060,0.0016657422529533505
9061,0.9999147653579712
9062,0.9999998807907104
9063,0.9985156655311584
9064,0.4555608332157135
9065,0.439967542886734
9066,0.9918079972267151
9067,0.9887324571609497
9068,0.1714380383491516
9069,0.9544302821159363
9070,0.6174845695495605
9071,0.8423557281494141
9072,0.9952207207679749
9073,0.7787274718284607
9074,0.09860300272703171
9075,0.9898833632469177
9076,0.025301316753029823
9077,6.900630978634581e-05
9078,0.8979662656784058
9079,0.7454620599746704
9080,0.9906033873558044
9081,0.051135510206222534
9082,0.010566799901425838
9083,0.004642837680876255
9084,0.8469947576522827
9085,0.996620774269104
9086,0.8968045711517334
9087,0.011759757995605469
9088,0.48150938749313354
9089,0.07710572332143784
9090,8.252474685832567e-07
9091,7.707882332397276e-07
9092,0.005537913180887699
9093,0.05193011835217476
9094,0.048467010259628296
9095,0.9759717583656311
9096,0.01373438723385334
9097,0.19468963146209717
9098,0.00019237419473938644
9099,0.9983218312263489
9100,0.2477678805589676
9101,0.9363616108894348
9102,0.7964222431182861
9103,0.00036047250614501536
9104,0.9998733997344971
9105,0.9167827367782593
9106,0.9934157133102417
9107,0.08765806257724762
9108,0.9992762207984924
9109,0.1931009143590927
9110,0.969848096370697
9111,0.9999958276748657
9112,0.003312135813757777
9113,4.820826688956004e-06
9114,0.014813538640737534
9115,0.9999663829803467
9116,0.9959174990653992
9117,0.7427835464477539
9118,0.9971119165420532
9119,1.0
9120,0.02540256641805172
9121,0.9217933416366577
9122,0.07451875507831573
9123,0.03283524513244629
9124,0.5442280173301697
9125,0.6029676198959351
9126,0.08084641396999359
9127,0.17200371623039246
9128,0.9761783480644226
9129,0.11067547649145126
9130,1.905316094052978e-05
9131,0.6346784830093384
9132,0.0033981946762651205
9133,0.9996218681335449
9134,0.9976738095283508
9135,0.9998947381973267
9136,0.9999996423721313
9137,1.2321972917561652e-06
9138,0.999997615814209
9139,0.9999502897262573
9140,0.8873907923698425
9141,0.007846357300877571
9142,0.30047065019607544
9143,0.8369996547698975
9144,0.5229577422142029
9145,0.04837809130549431
9146,0.12733860313892365
9147,0.0014314306899905205
9148,0.9684499502182007
9149,0.0002665086358319968
9150,8.557190449209884e-05
9151,1.0
9152,0.21687756478786469
9153,0.9960594177246094
9154,0.010779975913465023
9155,0.9991880059242249
9156,0.00223363540135324
9157,0.005371528677642345
9158,0.9988152980804443
9159,0.9955507516860962
9160,8.780191819823813e-06
9161,0.9899157881736755
9162,0.46531590819358826
9163,8.325951057486236e-06
9164,0.8602721095085144
9165,1.0
9166,0.00046857880079187453
9167,1.0
9168,0.9999902248382568
9169,0.97440505027771
9170,0.9859287142753601
9171,0.990404486656189
9172,0.8334445953369141
9173,0.24245357513427734
9174,0.99969482421875
9175,0.5289093255996704
9176,0.7667636275291443
9177,0.016676099970936775
9178,0.009549896232783794
9179,0.9495072364807129
9180,0.0029987837187945843
9181,0.01628274656832218
9182,0.1079258918762207
9183,0.05112847313284874
9184,0.5935345888137817
9185,0.5275590419769287
9186,3.694979386636987e-05
9187,1.0
9188,0.9997618794441223
9189,0.04709605127573013
9190,0.9947007894515991
9191,0.9934366345405579
9192,8.511186024406925e-05
9193,0.9989878535270691
9194,0.940798819065094
9195,0.011337729170918465
9196,0.0015338542871177197
9197,0.0002543404116295278
9198,0.05055767297744751
9199,0.9994001388549805
9200,0.9197827577590942
9201,0.23545627295970917
9202,0.8639705777168274
9203,0.7316775321960449
9204,0.9813234210014343
9205,0.00010178084630751982
9206,0.5112237334251404
9207,0.989332914352417
9208,0.37389010190963745
9209,0.13131627440452576
9210,1.6819113852761802e-06
9211,0.010036181658506393
9212,0.999987006187439
9213,0.8953777551651001
9214,0.5431468486785889
9215,6.958895681918875e-09
9216,4.820224148716079e-07
9217,0.16239504516124725
9218,0.9927305579185486
9219,0.6056146025657654
9220,0.17773517966270447
9221,0.4953065812587738
9222,0.9275951981544495
9223,2.1674524759873748e-05
9224,0.9999991655349731
9225,0.00015676442126277834
9226,0.011470024473965168
9227,0.029020121321082115
9228,0.0001333999098278582
9229,0.018399300053715706
9230,0.9997909665107727
9231,0.9580832123756409
9232,0.12446406483650208
9233,0.9989172220230103
9234,0.5261051058769226
9235,0.03655172139406204
9236,0.9981891512870789
9237,0.030956799164414406
9238,0.9989609718322754
9239,0.19996856153011322
9240,0.00018703028035815805
9241,0.9999939203262329
9242,0.019865280017256737
9243,0.05623336881399155
9244,0.9153425097465515
9245,0.9903736114501953
9246,0.9994543194770813
9247,0.7695580720901489
9248,0.9997100234031677
9249,0.8452146053314209
9250,0.004228543024510145
9251,0.0059756264090538025
9252,1.2902560229122173e-05
9253,0.9786246418952942
9254,0.7796106934547424
9255,1.0
9256,0.00033806500141508877
9257,0.9967406392097473
9258,0.9998049139976501
9259,0.9962965846061707
9260,0.7850149273872375
9261,0.8796659708023071
9262,0.0016844534547999501
9263,0.9882515072822571
9264,0.9778389930725098
9265,0.006692280527204275
9266,0.9960599541664124
9267,0.02501537837088108
9268,0.7851365804672241
9269,0.7426280379295349
9270,0.10527647286653519
9271,0.017146652564406395
9272,0.9995446801185608
9273,0.4686755836009979
9274,0.963190495967865
9275,0.9986768364906311
9276,0.13065290451049805
9277,0.9998579025268555
9278,0.1021958664059639
9279,0.999984860420227
9280,0.18373994529247284
9281,0.9999998807907104
9282,0.9817900061607361
9283,0.39551588892936707
9284,0.9997937083244324
9285,1.0
9286,0.0038708210922777653
9287,0.9998284578323364
9288,0.014792356640100479
9289,0.8213063478469849
9290,0.9950874447822571
9291,0.9999996423721313
9292,0.0014429448638111353
9293,0.05667031556367874
9294,0.9947517514228821
9295,0.8016678690910339
9296,0.004402346443384886
9297,0.9999955892562866
9298,0.9993402361869812
9299,0.21767394244670868
9300,0.9978341460227966
9301,0.013474171049892902
9302,0.5275214910507202
9303,0.12868331372737885
9304,0.9121538400650024
9305,0.000999778276309371
9306,0.9043557643890381
9307,0.1590002030134201
9308,0.6059525012969971
9309,0.0893343836069107
9310,0.9999980926513672
9311,0.0010388933587819338
9312,0.6902464032173157
9313,0.9697534441947937
9314,0.000743357464671135
9315,0.24182260036468506
9316,0.9602417945861816
9317,2.1661837763531366e-06
9318,0.01670428179204464
9319,0.9699293971061707
9320,0.9794642925262451
9321,0.9999830722808838
9322,0.1188943013548851
9323,0.20034286379814148
9324,0.04754071682691574
9325,0.018480440601706505
9326,0.2939414381980896
9327,0.6060394644737244
9328,0.009229646064341068
9329,0.023067524656653404
9330,0.5270801782608032
9331,0.00025106730754487216
9332,0.02902795374393463
9333,0.9383741617202759
9334,0.9999991655349731
9335,0.35187023878097534
9336,0.9915127158164978
9337,0.13056409358978271
9338,0.05092991888523102
9339,0.0018891412764787674
9340,0.05085285007953644
9341,0.2242046594619751
9342,0.9999673366546631
9343,0.3377602994441986
9344,0.9999707937240601
9345,0.7582917213439941
9346,0.9986936450004578
9347,0.9855120778083801
9348,0.44265303015708923
9349,0.04245927557349205
9350,0.7823541760444641
9351,0.006797161418944597
9352,2.3679929199715843e-06
9353,0.9709506630897522
9354,0.9997195601463318
9355,0.031273841857910156
9356,0.4372226297855377
9357,0.589641273021698
9358,0.975042462348938
9359,0.042546313256025314
9360,0.9537997841835022
9361,0.29230040311813354
9362,0.9997586607933044
9363,0.008603659458458424
9364,0.9313260912895203
9365,0.6903120279312134
9366,0.9999940395355225
9367,0.02294851653277874
9368,0.09810961782932281
9369,0.9258607625961304
9370,8.975796663435176e-05
9371,0.004440419375896454
9372,0.9999814033508301
9373,0.015508890151977539
9374,0.20727263391017914
9375,0.9874221086502075
9376,0.9175025224685669
9377,0.3045448958873749
9378,0.9678983092308044
9379,7.582909165648744e-05
9380,0.9999817609786987
9381,0.5248014330863953
9382,0.004311141557991505
9383,0.6442190408706665
9384,0.30292755365371704
9385,2.9981962143210694e-05
9386,0.91602623462677
9387,0.9269747734069824
9388,0.0015636382158845663
9389,2.1067471607238986e-05
9390,9.139431494986638e-05
9391,0.0009130486287176609
9392,0.12337224930524826
9393,0.9725297689437866
9394,0.9998712539672852
9395,0.38564902544021606
9396,0.5157666802406311
9397,0.995887815952301
9398,0.10931453108787537
9399,5.051622792962007e-06
9400,0.0005899564712308347
9401,0.9999866485595703
9402,0.15411289036273956
9403,4.3161386997780937e-07
9404,0.0003342234413139522
9405,0.40911442041397095
9406,8.573314698878676e-05
9407,0.9975854158401489
9408,0.0001438697217963636
9409,1.0
9410,0.9490792751312256
9411,0.0033863759599626064
9412,0.008376392535865307
9413,0.9993206262588501
9414,0.997358500957489
9415,0.8910171389579773
9416,0.8821040987968445
9417,1.0
9418,0.09911366552114487
9419,0.9999264478683472
9420,0.9851270318031311
9421,0.9896425604820251
9422,0.6275461912155151
9423,0.9995843768119812
9424,0.999910831451416
9425,0.2950242757797241
9426,0.007507950998842716
9427,0.486158162355423
9428,0.9142139554023743
9429,0.011030755005776882
9430,0.999998927116394
9431,0.9998699426651001
9432,0.418455570936203
9433,0.9995747208595276
9434,0.001291406573727727
9435,0.9993529915809631
9436,0.43699777126312256
9437,0.9999983310699463
9438,0.3599439859390259
9439,0.0005720352055504918
9440,0.9685637950897217
9441,0.9999915361404419
9442,0.019266225397586823
9443,0.9368770718574524
9444,0.052844565361738205
9445,0.9997696280479431
9446,0.0113277742639184
9447,1.8868598999688402e-05
9448,0.21314531564712524
9449,0.9998764991760254
9450,0.25904718041419983
9451,0.000405108934501186
9452,0.02755466289818287
9453,0.48221802711486816
9454,0.004408599808812141
9455,4.76384883540959e-07
9456,0.9887745380401611
9457,3.726114664459601e-05
9458,0.9999998807907104
9459,0.008565584197640419
9460,0.8444367051124573
9461,0.6981562376022339
9462,0.6672638654708862
9463,0.6275863647460938
9464,0.00182319525629282
9465,0.7500355839729309
9466,0.2307026982307434
9467,0.958398163318634
9468,0.0034833813551813364
9469,1.320667979598511e-05
9470,0.9808067679405212
9471,0.45666107535362244
9472,0.9999935626983643
9473,0.9914502501487732
9474,0.004987009335309267
9475,0.002266409806907177
9476,1.0
9477,0.6288575530052185
9478,0.34924113750457764
9479,0.9658215045928955
9480,1.0
9481,0.6664876341819763
9482,0.011848905123770237
9483,0.07701016962528229
9484,0.048666812479496
9485,0.00023943105770740658
9486,0.027625372633337975
9487,0.9871588945388794
9488,1.0
9489,0.9642479419708252
9490,0.0008522153948433697
9491,0.0006150268018245697
9492,0.0005393209867179394
9493,0.9999178647994995
9494,0.0028085154481232166
9495,0.9486664533615112
9496,0.048366788774728775
9497,0.9078642725944519
9498,0.003578129457309842
9499,0.15202124416828156
9500,0.999967098236084
9501,0.7823154330253601
9502,0.12003909051418304
9503,0.641351580619812
9504,0.8862662315368652
9505,0.7754693627357483
9506,1.0680007278551784e-07
9507,5.103134753881022e-05
9508,0.007722698152065277
9509,0.0831528902053833
9510,0.2724241018295288
9511,1.5170314782153582e-08
9512,0.0003004874160978943
9513,0.06072070077061653
9514,0.00010430190741317347
9515,1.0
9516,0.5449726581573486
9517,5.750801210524514e-05
9518,0.0050306497141718864
9519,0.0017692508408799767
9520,0.5508356094360352
9521,0.999958872795105
9522,8.407896530115977e-06
9523,0.08133507519960403
9524,0.9947643280029297
9525,0.07198970764875412
9526,0.644749641418457
9527,0.0051036495715379715
9528,4.204129666618428e-08
9529,0.0003917866270057857
9530,0.9799544215202332
9531,0.20735502243041992
9532,0.0010711157228797674
9533,0.9999992847442627
9534,0.9901527762413025
9535,0.8335499167442322
9536,0.5327682495117188
9537,0.9271730184555054
9538,0.0010967837879434228
9539,0.4269900619983673
9540,0.01191230583935976
9541,0.14951282739639282
9542,0.00028654737980104983
9543,0.003814276307821274
9544,0.2083132565021515
9545,0.8991345763206482
9546,0.7429424524307251
9547,0.0948387011885643
9548,0.998552143573761
9549,0.9997933506965637
9550,0.9997918009757996
9551,0.9996141195297241
9552,0.9998482465744019
9553,0.030374977737665176
9554,0.8020837903022766
9555,0.06038699671626091
9556,0.17805597186088562
9557,0.4908626675605774
9558,0.0060411482118070126
9559,0.16982731223106384
9560,0.9182473421096802
9561,0.9434094429016113
9562,0.18122129142284393
9563,0.9427692294120789
9564,7.294570423255209e-06
9565,0.9829052686691284
9566,0.05743345245718956
9567,0.999992847442627
9568,0.9994775652885437
9569,0.9981077909469604
9570,0.040286585688591
9571,0.8540463447570801
9572,0.37984222173690796
9573,0.9626570343971252
9574,0.01828211359679699
9575,0.005636031739413738
9576,0.12266429513692856
9577,0.99998939037323
9578,0.01971852034330368
9579,0.08206699788570404
9580,0.018366064876317978
9581,0.009522800333797932
9582,0.0015931285452097654
9583,0.7833114266395569
9584,0.7422789931297302
9585,0.09883687645196915
9586,0.9809178113937378
9587,0.013672574423253536
9588,0.00713565107434988
9589,0.9927478432655334
9590,0.7146055102348328
9591,0.46419644355773926
9592,0.012753326445817947
9593,0.38889360427856445
9594,0.20106877386569977
9595,0.004145388957113028
9596,0.15573999285697937
9597,0.03192756697535515
9598,0.4144144058227539
9599,0.9999994039535522
9600,0.44980132579803467
9601,0.0019901348277926445
9602,0.8878446221351624
9603,0.0481569878757
9604,0.8404152393341064
9605,0.15332354605197906
9606,0.9699622392654419
9607,0.9999678134918213
9608,0.4370068907737732
9609,0.919845461845398
9610,1.217621047544526e-06
9611,0.0017443930264562368
9612,0.9674486517906189
9613,0.8422874212265015
9614,0.9242239594459534
9615,0.9875863790512085
9616,0.9827515482902527
9617,0.27922987937927246
9618,0.9984172582626343
9619,0.9983305335044861
9620,0.5056254863739014
9621,0.0063209799118340015
9622,0.8077977299690247
9623,0.023543981835246086
9624,0.9999988079071045
9625,0.029167333617806435
9626,0.10160089284181595
9627,5.095570941193728e-06
9628,0.003190599149093032
9629,0.16920091211795807
9630,0.9999985694885254
9631,0.0011489519383758307
9632,0.3469710946083069
9633,0.00013975515321362764
9634,0.9334937334060669
9635,0.05375594645738602
9636,0.050107888877391815
9637,0.9985712766647339
9638,0.28437238931655884
9639,0.9293898940086365
9640,0.008438263088464737
9641,0.8816316723823547
9642,0.0010830919491127133
9643,0.9647376537322998
9644,2.8777918487321585e-05
9645,0.28089991211891174
9646,0.9999996423721313
9647,0.9934388995170593
9648,0.0068626366555690765
9649,0.9999988079071045
9650,0.00886503979563713
9651,0.9984523057937622
9652,0.43429338932037354
9653,1.4786512110731564e-05
9654,0.8877618312835693
9655,0.7307926416397095
9656,0.6993322372436523
9657,0.9999994039535522
9658,0.013394027017056942
9659,0.9793071746826172
9660,0.9987156391143799
9661,0.6662546396255493
9662,0.019742460921406746
9663,0.35051825642585754
9664,0.7679562568664551
9665,0.1287911981344223
9666,0.00017138612747658044
9667,0.9841549396514893
9668,0.33604979515075684
9669,0.9998831748962402
9670,0.00018519182049203664
9671,0.9998407363891602
9672,0.025720931589603424
9673,0.9904462099075317
9674,1.0
9675,0.7403770685195923
9676,0.0001180194376502186
9677,0.9997512698173523
9678,0.9930312633514404
9679,0.5133665800094604
9680,0.8452814817428589
9681,0.06413847208023071
9682,8.483717124363466e-07
9683,0.13056409358978271
9684,0.9999992847442627
9685,0.028198320418596268
9686,0.920226514339447
9687,0.3243968188762665
9688,0.3864193260669708
9689,3.456747208474553e-06
9690,0.9756616353988647
9691,0.0933266207575798
9692,3.4876318295573583e-06
9693,0.013283247128129005
9694,0.8787385821342468
9695,0.9991173148155212
9696,0.9769639372825623
9697,0.7548651695251465
9698,0.41551992297172546
9699,0.9947077035903931
9700,0.4410610795021057
9701,0.14577428996562958
9702,0.12752951681613922
9703,0.3650207817554474
9704,6.40045482214191e-06
9705,0.3558838963508606
9706,0.9942862391471863
9707,0.7157014608383179
9708,0.9892902970314026
9709,0.011076896451413631
9710,0.009068031795322895
9711,1.6634204484944348e-06
9712,0.023013144731521606
9713,0.9987891316413879
9714,0.9824551939964294
9715,0.7499280571937561
9716,0.2248229682445526
9717,3.962502159993164e-05
9718,0.4284397065639496
9719,0.1960058957338333
9720,0.47473010420799255
9721,1.1827322623503278e-06
9722,0.0013342155143618584
9723,0.87659752368927
9724,0.37466612458229065
9725,0.01533210463821888
9726,0.0569266639649868
9727,0.010456339456140995
9728,5.963386229268508e-07
9729,9.227694135915954e-06
9730,0.20052404701709747
9731,0.3947080075740814
9732,1.20579102258489e-07
9733,0.02338240295648575
9734,0.9758768081665039
9735,1.8263404854224063e-05
9736,0.004343767650425434
9737,0.0010900539346039295
9738,0.9818416833877563
9739,0.003370952792465687
9740,0.4553546607494354
9741,0.0028064970392733812
9742,0.9999740123748779
9743,0.9529562592506409
9744,0.0018083336763083935
9745,0.2145635187625885
9746,0.029555171728134155
9747,1.0
9748,0.9975454211235046
9749,0.9471035599708557
9750,0.00018168574024457484
9751,0.9999979734420776
9752,0.018541410565376282
9753,0.0013561582891270518
9754,0.7876327633857727
9755,0.11549458652734756
9756,0.8729568123817444
9757,0.044325269758701324
9758,1.0
9759,0.023767070844769478
9760,0.13566738367080688
9761,0.31472283601760864
9762,2.1359079838134676e-08
9763,9.791612683329731e-06
9764,0.9087730050086975
9765,0.921704113483429
9766,0.9232305884361267
9767,0.9769185185432434
9768,0.385499507188797
9769,0.9998966455459595
9770,0.042312007397413254
9771,0.651125967502594
9772,0.9999994039535522
9773,0.064483143389225
9774,0.9892515540122986
9775,0.9996283054351807
9776,0.9481915235519409
9777,0.9983966946601868
9778,0.9991673231124878
9779,0.9999767541885376
9780,0.001953873550519347
9781,0.28818264603614807
9782,0.042882390320301056
9783,0.9813284873962402
9784,0.9996768236160278
9785,0.8917118310928345
9786,0.17286142706871033
9787,0.06512618064880371
9788,0.9999054670333862
9789,0.9777975082397461
9790,0.11500822007656097
9791,0.9872316718101501
9792,0.14179028570652008
9793,0.0017631708178669214
9794,0.0003376668319106102
9795,3.0003899155417457e-05
9796,0.07745875418186188
9797,0.4333513677120209
9798,0.9742486476898193
9799,0.9727972745895386
9800,0.48136797547340393
9801,0.004224059637635946
9802,0.06039026007056236
9803,0.0003498415753711015
9804,4.052181338920491e-06
9805,0.014126417227089405
9806,0.9999997615814209
9807,0.9999343156814575
9808,0.9511299729347229
9809,0.964922308921814
9810,0.032890912145376205
9811,1.0637593277351698e-06
9812,0.001879160525277257
9813,0.0004859898763243109
9814,0.7107887268066406
9815,0.9930958151817322
9816,0.5458581447601318
9817,0.5858168005943298
9818,0.9293484687805176
9819,0.001203231979161501
9820,0.0011917146621271968
9821,0.6315066814422607
9822,0.9978231191635132
9823,0.9999998807907104
9824,0.7339721322059631
9825,0.24326293170452118
9826,0.8125804662704468
9827,0.01720045506954193
9828,0.9999954700469971
9829,1.0
9830,0.98017817735672
9831,0.9331560134887695
9832,0.9998273253440857
9833,0.9999994039535522
9834,5.369669452193193e-06
9835,0.9528749585151672
9836,0.5994164347648621
9837,0.995405912399292
9838,0.3933852016925812
9839,0.101481132209301
9840,0.9982858300209045
9841,0.6741117835044861
9842,0.01826978661119938
9843,0.9995299577713013
9844,0.9838480353355408
9845,0.0021402451675385237
9846,0.4275490641593933
9847,0.9865534901618958
9848,7.10820629024056e-08
9849,1.0
9850,0.6898620128631592
9851,0.999861478805542
9852,0.9974157810211182
9853,0.23295795917510986
9854,0.9997645020484924
9855,4.240931494869926e-10
9856,0.03282881900668144
9857,0.0006741593242622912
9858,0.9493342638015747
9859,0.9982080459594727
9860,0.0006899560103192925
9861,0.9913482069969177
9862,0.07354845851659775
9863,0.06809859722852707
9864,0.010078557766973972
9865,0.002130829496309161
9866,0.9407612085342407
9867,1.0
9868,0.006594698876142502
9869,1.0
9870,0.0852973535656929
9871,0.8155781030654907
9872,0.00015120534226298332
9873,0.9990033507347107
9874,0.002305287402123213
9875,0.08872578293085098
9876,7.461859240720514e-06
9877,0.21280352771282196
9878,0.0018149707466363907
9879,0.9999842643737793
9880,1.0
9881,0.003374947002157569
9882,0.9931835532188416
9883,0.003189293434843421
9884,0.0014184510800987482
9885,0.9990938901901245
9886,0.9999276399612427
9887,0.9110252261161804
9888,0.10036224126815796
9889,0.9999998807907104
9890,0.9999771118164062
9891,0.9984102249145508
9892,6.391282659024e-05
9893,5.644066325416475e-10
9894,0.05871934816241264
9895,0.8589035868644714
9896,0.4364045560359955
9897,0.0025648714508861303
9898,0.29348745942115784
9899,0.9149786233901978
9900,0.00018675958563107997
9901,0.0011332104913890362
9902,0.007280187681317329
9903,0.902106761932373
9904,0.025055957958102226
9905,0.0301668681204319
9906,0.08067730814218521
9907,0.00038643678999505937
9908,0.0011471890611574054
9909,0.024582037702202797
9910,0.6273422241210938
9911,0.9994717240333557
9912,0.8190661668777466
9913,0.0018443097360432148
9914,0.09381631761789322
9915,0.0003270799934398383
9916,0.820824146270752
9917,0.005660399794578552
9918,0.9999021291732788
9919,0.3833702802658081
9920,0.9989709854125977
9921,0.9998345375061035
9922,0.6385906934738159
9923,0.06997740268707275
9924,0.00036473170621320605
9925,0.9823909401893616
9926,0.04844769462943077
9927,0.0014429297298192978
9928,0.008146896958351135
9929,0.5185840725898743
9930,0.3251444399356842
9931,0.8881023526191711
9932,0.336871474981308
9933,0.988013744354248
9934,0.9999998807907104
9935,0.9996887445449829
9936,0.8079228401184082
9937,0.9114242792129517
9938,0.8370019197463989
9939,0.000774858461227268
9940,0.21950474381446838
9941,0.9977471232414246
9942,0.14065071940422058
9943,0.6794627904891968
9944,0.9999998807907104
9945,3.169259071000852e-05
9946,0.9405810832977295
9947,0.999995231628418
9948,0.00033599272137507796
9949,0.755911111831665
9950,0.6315997242927551
9951,0.0015983538469299674
9952,0.2253575474023819
9953,0.005822260398417711
9954,0.9999973773956299
9955,0.9953228831291199
9956,0.15443740785121918
9957,0.0020444472320377827
9958,0.5590348839759827
9959,0.3166947364807129
9960,0.17136527597904205
9961,0.11275921761989594
9962,0.9895011782646179
9963,0.005868931300938129
9964,3.943979257764463e-12
9965,0.9973763227462769
9966,1.2280443115741946e-06
9967,0.9992434978485107
9968,0.9910299777984619
9969,0.9998015761375427
9970,0.9797210693359375
9971,0.0014314306899905205
9972,5.105135278427042e-05
9973,0.9983997941017151
9974,0.03715056553483009
9975,0.38758453726768494
9976,0.9424666166305542
9977,0.006091906223446131
9978,0.7229898571968079
9979,0.10094702243804932
9980,0.1865488737821579
9981,0.9435321092605591
9982,0.9947677850723267
9983,0.06466290354728699
9984,0.1981859803199768
9985,0.9712921977043152
9986,0.445132315158844
9987,0.8269484639167786
9988,0.9985160231590271
9989,0.5470059514045715
9990,0.023629436269402504
9991,0.9898195862770081
9992,0.0009613851434551179
9993,0.9691363573074341
9994,0.0005710421246476471
9995,0.005172609351575375
9996,0.9803362488746643
9997,0.9658671021461487
9998,0.0011124181328341365
9999,0.22716720402240753
10000,0.9683696031570435
10001,0.723640501499176
10002,1.0172034308197908e-06
10003,0.9999622106552124
10004,0.012315384112298489
10005,5.068554310128093e-05
10006,0.01802440918982029
10007,2.0099978428333998e-05
10008,0.004357416182756424
10009,0.22436092793941498
10010,0.9999336004257202
10011,0.9983677268028259
10012,0.0012973981210961938
10013,0.049221981316804886
10014,0.00457390770316124
10015,0.8514549136161804
10016,0.004767259117215872
10017,0.07770748436450958
10018,0.0014153704978525639
10019,6.969537935219705e-06
10020,0.010896843858063221
10021,0.0035898310597985983
10022,0.3518718481063843
10023,0.9999024868011475
10024,0.9969980716705322
10025,0.12169833481311798
10026,0.8439477682113647
10027,0.9998767375946045
10028,2.7265139578958042e-05
10029,0.9965092539787292
10030,1.0
10031,0.01493463572114706
10032,0.11351542174816132
10033,0.0002724313526414335
10034,0.9752855896949768
10035,0.752662718296051
10036,0.9998486042022705
10037,0.7969327569007874
10038,0.9462587833404541
10039,0.9999966621398926
10040,0.023617999628186226
10041,0.9981982111930847
10042,0.646762490272522
10043,0.7730228900909424
10044,4.752272070618346e-05
10045,0.9849132895469666
10046,0.9999207258224487
10047,0.99196457862854
10048,0.9859327673912048
10049,0.03023047000169754
10050,0.00025532295694574714
10051,0.5319441556930542
10052,0.00020635379769373685
10053,0.04074089601635933
10054,0.0029492806643247604
10055,2.5058399842237122e-05
10056,0.9993839263916016
10057,0.931371808052063
10058,0.39429619908332825
10059,0.9634338617324829
10060,0.9554861783981323
10061,0.3664264678955078
10062,0.009691725485026836
10063,0.6854998469352722
10064,0.7773447036743164
10065,0.062179017812013626
10066,0.08570550382137299
10067,0.01591954194009304
10068,0.0001585737627465278
10069,0.003971294965595007
10070,3.417508560232818e-05
10071,0.0015326981665566564
10072,0.0005375975742936134
10073,0.8029594421386719
10074,0.00018898422422353178
10075,0.3062609136104584
10076,0.18704140186309814
10077,0.004113610368221998
10078,0.9999711513519287
10079,0.0006065330817364156
10080,0.9446978569030762
10081,0.7351617217063904
10082,0.9398037195205688
10083,0.19487009942531586
10084,0.9999902248382568
10085,0.9144701957702637
10086,0.9925730228424072
10087,0.9319919347763062
10088,0.00014551817730534822
10089,0.009011873975396156
10090,0.010511212050914764
10091,0.0018387546297162771
10092,0.9481708407402039
10093,2.148076418961864e-06
10094,0.999745786190033
10095,0.001577582093887031
10096,0.9904488921165466
10097,0.9988890290260315
10098,0.9993932247161865
10099,0.8948550224304199
10100,0.016002364456653595
10101,0.9999997615814209
10102,0.000653396884445101
10103,0.07982448488473892
10104,0.9991440773010254
10105,0.2765656113624573
10106,0.7977563738822937
10107,0.011282753199338913
10108,0.7999864220619202
10109,0.003513649571686983
10110,1.0
10111,0.07314099371433258
10112,0.014329777099192142
10113,0.9999450445175171
10114,0.21005280315876007
10115,0.016582459211349487
10116,0.7890657782554626
10117,0.014374854974448681
10118,0.28009551763534546
10119,0.23995794355869293
10120,0.0007463130750693381
10121,0.0004729608481284231
10122,0.11697346717119217
10123,0.06043945625424385
10124,0.9999933242797852
10125,1.291919886625692e-07
10126,2.941414095403161e-06
10127,0.9754970073699951
10128,0.07073687762022018
10129,0.03492375835776329
10130,0.16713586449623108
10131,0.000997921684756875
10132,0.028559688478708267
10133,0.0002839485532604158
10134,0.9924308657646179
10135,0.9993183612823486
10136,1.0
10137,0.0008328238618560135
10138,0.9995954632759094
10139,0.011414734646677971
10140,0.22274629771709442
10141,0.9821565747261047
10142,0.33271291851997375
10143,0.992976725101471
10144,0.9985907673835754
10145,0.09597864747047424
10146,0.9923072457313538
10147,0.9982722997665405
10148,0.9877711534500122
10149,0.02001800760626793
10150,0.028883524239063263
10151,0.009945073164999485
10152,0.0017336765304207802
10153,0.9102267622947693
10154,0.4366213083267212
10155,0.130000501871109
10156,1.5140807363422937e-07
10157,0.14162327349185944
10158,0.10659428685903549
10159,0.0067354352213442326
10160,6.325942649709759e-06
10161,0.00014613389794249088
10162,0.999971866607666
10163,0.9991908669471741
10164,0.7324529886245728
10165,0.9926456212997437
10166,0.9915617108345032
10167,0.9999991655349731
10168,0.00019836155115626752
10169,0.9999916553497314
10170,0.7844292521476746
10171,0.013305929489433765
10172,0.9936003684997559
10173,0.43933767080307007
10174,0.009556261822581291
10175,0.8647723197937012
10176,0.9268004298210144
10177,0.9797434210777283
10178,0.2317044883966446
10179,0.9981464147567749
10180,7.310059118026402e-06
10181,0.9924135804176331
10182,1.4049660421733279e-05
10183,0.2772955298423767
10184,0.0019499819027259946
10185,0.9455015659332275
10186,0.9999995231628418
10187,0.9999929666519165
10188,0.14738400280475616
10189,0.9999797344207764
10190,0.9997596144676208
10191,0.0016053314320743084
10192,0.18647019565105438
10193,1.2033689927193336e-05
10194,0.0832764133810997
10195,0.9991481304168701
10196,0.47189363837242126
10197,0.994425892829895
10198,0.020068757236003876
10199,5.739830612583319e-06
10200,0.0019541364163160324
10201,2.1865204757887113e-07
10202,0.9999576807022095
10203,0.9881096482276917
10204,0.0022563235834240913
10205,0.0010295871179550886
10206,6.323517300188541e-05
10207,0.7537205815315247
10208,0.7063150405883789
10209,0.8975408673286438
10210,0.001002484350465238
10211,0.11191224306821823
10212,0.4786872863769531
10213,0.8650092482566833
10214,0.9954723715782166
10215,8.68393978947779e-09
10216,0.001884348806925118
10217,0.9980030655860901
10218,1.349931721961184e-06
10219,0.3277885317802429
10220,0.9998340606689453
10221,0.8686763644218445
10222,0.707017719745636
10223,0.0005783640081062913
10224,0.008242035284638405
10225,0.9999241828918457
10226,0.1726503223180771
10227,0.0032165178563445807
10228,0.021461641415953636
10229,0.013253056444227695
10230,0.9980156421661377
10231,0.999922513961792
10232,0.9466143846511841
10233,0.9999536275863647
10234,0.015142385847866535
10235,0.08140464872121811
10236,1.5539927744612214e-06
10237,0.0037738769315183163
10238,0.8226635456085205
10239,0.6316819190979004
10240,0.006586876232177019
10241,0.9929608702659607
10242,0.9902245402336121
10243,0.9589807987213135
10244,0.9997972846031189
10245,0.9972250461578369
10246,0.29939785599708557
10247,0.9999955892562866
10248,0.01562002394348383
10249,0.9925612807273865
10250,0.0002553947560954839
10251,0.32249757647514343
10252,0.9350961446762085
10253,0.948760449886322
10254,0.9984654188156128
10255,0.5671606659889221
10256,0.10056087374687195
10257,0.0017046486027538776
10258,0.9999994039535522
10259,0.061804141849279404
10260,0.0012503237230703235
10261,0.9905747771263123
10262,0.9999998807907104
10263,0.9997933506965637
10264,0.012916447594761848
10265,0.000892655982170254
10266,0.00838172622025013
10267,0.14394891262054443
10268,0.993229866027832
10269,0.9999408721923828
10270,0.005392318591475487
10271,0.13511629402637482
10272,0.00881539098918438
10273,0.023395713418722153
10274,0.002378408797085285
10275,0.0022130052093416452
10276,0.5469079613685608
10277,0.5334678292274475
10278,0.9909844398498535
10279,0.9990987777709961
10280,0.027573490515351295
10281,0.9999977350234985
10282,0.035303764045238495
10283,0.8884819746017456
10284,0.8435329794883728
10285,0.526837170124054
10286,0.023600593209266663
10287,0.003506437875330448
10288,0.1540827751159668
10289,0.0071007441729307175
10290,0.681769847869873
10291,0.9981027245521545
10292,0.0020726891234517097
10293,0.9954081177711487
10294,0.0004894349258393049
10295,0.002673372160643339
10296,0.54002445936203
10297,1.0
10298,0.9384958148002625
10299,0.00011759332846850157
10300,0.9986516833305359
10301,0.0032902336679399014
10302,0.21386398375034332
10303,0.05729472264647484
10304,0.9999995231628418
10305,0.9999933242797852
10306,0.9940279722213745
10307,0.017774421721696854
10308,1.8695449398364872e-05
10309,0.0007477998733520508
10310,0.6501734852790833
10311,0.000842290697619319
10312,7.355646812357008e-05
10313,0.5162298083305359
10314,0.09802992641925812
10315,0.9997668862342834
10316,0.0005149694043211639
10317,0.9999707937240601
10318,8.740642806515098e-05
10319,0.02719012461602688
10320,0.9901854991912842
10321,0.9999797344207764
10322,0.6598737835884094
10323,0.3968432545661926
10324,0.9375815987586975
10325,0.017101893201470375
10326,0.9994282126426697
10327,0.0009613851434551179
10328,0.0037243899423629045
10329,0.9979515671730042
10330,0.00976086501032114
10331,4.111649468541145e-05
10332,1.0
10333,0.15190061926841736
10334,0.3950777053833008
10335,0.785760760307312
10336,0.2774313986301422
10337,0.0008825162658467889
10338,0.6511783003807068
10339,0.015607396140694618
10340,0.025434091687202454
10341,0.14983855187892914
10342,0.993294894695282
10343,0.001961795147508383
10344,0.8690620064735413
10345,0.8264340162277222
10346,0.022323735058307648
10347,0.014643006026744843
10348,0.895169198513031
10349,0.9920237064361572
10350,0.957904040813446
10351,0.09287464618682861
10352,0.9349150061607361
10353,0.006813704501837492
10354,0.9558623433113098
10355,0.19658824801445007
10356,0.0025888863019645214
10357,0.23785939812660217
10358,0.0030581816099584103
10359,0.9587327837944031
10360,0.01902780681848526
10361,0.6068105101585388
10362,0.26623159646987915
10363,0.10143020749092102
10364,1.0
10365,0.0032484468538314104
10366,0.9999797344207764
10367,0.8783240914344788
10368,0.9979696869850159
10369,1.0446486157889012e-05
10370,0.8322499990463257
10371,0.7005933523178101
10372,0.20949378609657288
10373,0.014765304513275623
10374,0.7617465257644653
10375,0.7249512076377869
10376,9.477437501459463e-09
10377,0.7604071497917175
10378,7.946464756969362e-05
10379,0.9293673038482666
10380,0.944767951965332
10381,0.8432431221008301
10382,0.4170173108577728
10383,0.3941858112812042
10384,0.36392804980278015
10385,0.9999325275421143
10386,0.0008920133113861084
10387,0.9812135100364685
10388,0.00029353651916608214
10389,0.0001924640964716673
10390,0.9999994039535522
10391,0.008827723562717438
10392,0.25658348202705383
10393,0.0011469136225059628
10394,0.006943574640899897
10395,0.42966192960739136
10396,0.7179253101348877
10397,0.08262129873037338
10398,5.9369774874085124e-08
10399,0.3269408047199249
10400,1.0
10401,0.22055701911449432
10402,0.7825976610183716
10403,0.9995591044425964
10404,0.0025927985552698374
10405,0.0005246903747320175
10406,0.5766900777816772
10407,0.0017383056692779064
10408,0.9138965606689453
10409,0.6190125942230225
10410,0.0013851342955604196
10411,0.1183166354894638
10412,0.20500481128692627
10413,0.00017164730525109917
10414,0.9095939993858337
10415,0.7904913425445557
10416,0.05669935420155525
10417,5.416277781478129e-05
10418,0.0297863632440567
10419,0.021505508571863174
10420,0.9595711827278137
10421,0.7461259961128235
10422,0.9929131865501404
10423,8.68393978947779e-09
10424,0.1655612736940384
10425,0.9941658973693848
10426,0.08758945018053055
10427,0.9359102845191956
10428,0.24933011829853058
10429,0.8214393258094788
10430,0.7687434554100037
10431,0.0060516828671097755
10432,0.9999709129333496
10433,0.9999822378158569
10434,0.9999982118606567
10435,0.9253069758415222
10436,0.930656909942627
10437,0.013763438910245895
10438,0.9606156945228577
10439,0.44949203729629517
10440,0.2472248375415802
10441,0.006208563689142466
10442,0.8383041024208069
10443,0.9994283318519592
10444,0.999874472618103
10445,1.0
10446,0.06540410965681076
10447,0.02987128123641014
10448,1.0
10449,0.99997878074646
10450,6.249724151530245e-07
10451,7.265480689966353e-06
10452,0.31973162293434143
10453,0.0030909054912626743
10454,5.412165592133533e-06
10455,0.8005858063697815
10456,0.025970997288823128
10457,0.29638683795928955
10458,0.9995086193084717
10459,0.007386703975498676
10460,0.12494711577892303
10461,0.035751212388277054
10462,0.8248371481895447
10463,0.08488060534000397
10464,0.7402571439743042
10465,0.9999994039535522
10466,0.9686372876167297
10467,5.981909367847038e-08
10468,0.0028387182392179966
10469,0.032006703317165375
10470,1.4780773199163377e-05
10471,0.2925191819667816
10472,0.000601052597630769
10473,0.9999996423721313
10474,0.9999877214431763
10475,3.337861198815517e-05
10476,0.780308723449707
10477,0.004814984742552042
10478,0.9959368705749512
10479,0.8617163896560669
10480,0.0032200205605477095
10481,0.00014176522381603718
10482,8.069170144153759e-05
10483,0.03121613711118698
10484,0.9501832127571106
10485,0.820600152015686
10486,0.01188103947788477
10487,1.0
10488,0.7323377728462219
10489,0.6398720741271973
10490,0.9345503449440002
10491,0.01902986317873001
10492,0.8979679346084595
10493,0.27703481912612915
10494,0.9196757674217224
10495,0.002064773580059409
10496,0.9801856279373169
10497,0.6831296682357788
10498,0.48841163516044617
10499,0.5793207883834839
10500,0.9501618146896362
10501,0.9822129011154175
10502,0.9998583793640137
10503,0.6079732775688171
10504,0.4136112630367279
10505,0.7682666778564453
10506,6.892700184835121e-05
10507,0.0012920352164655924
10508,0.11915767937898636
10509,0.9265018701553345
10510,0.005674759857356548
10511,0.002130277222022414
10512,0.023503942415118217
10513,0.20481258630752563
10514,0.7353544235229492
10515,0.012491317465901375
10516,0.9999737739562988
10517,0.5978812575340271
10518,0.8256621956825256
10519,0.0010587485739961267
10520,0.8267925977706909
10521,0.0621240958571434
10522,0.740328848361969
10523,0.8925661444664001
10524,0.8079564571380615
10525,0.0037044729106128216
10526,0.9999942779541016
10527,0.0053123487159609795
10528,0.5997667908668518
10529,0.0004219031543470919
10530,0.02066115476191044
10531,0.19222243130207062
10532,0.4075641334056854
10533,0.007936184294521809
10534,0.999982476234436
10535,0.31579527258872986
10536,0.9286500215530396
10537,0.5700314044952393
10538,0.0017440766096115112
10539,0.057682015001773834
10540,0.9993652701377869
10541,0.9145697951316833
10542,0.8460993766784668
10543,0.0031435186974704266
10544,0.9943183064460754
10545,3.705181939039903e-07
10546,0.01926398277282715
10547,0.0012322987895458937
10548,0.9999974966049194
10549,0.016844138503074646
10550,0.06960801780223846
10551,1.0
10552,1.1365252561290617e-07
10553,0.09930998086929321
10554,0.9857337474822998
10555,2.155289280381112e-08
10556,0.9999948740005493
10557,0.01871810108423233
10558,0.8156097531318665
10559,0.10673639178276062
10560,0.0044594379141926765
10561,0.9953364729881287
10562,0.9999525547027588
10563,0.8539898991584778
10564,0.9990842342376709
10565,0.9047837257385254
10566,0.9999985694885254
10567,0.9974446296691895
10568,0.9999567270278931
10569,0.8940011858940125
10570,0.930022656917572
10571,1.0
10572,0.03187531605362892
10573,0.0009756144136190414
10574,0.3830520510673523
10575,0.0008548778132535517
10576,0.09393064677715302
10577,0.9997949004173279
10578,0.9992110729217529
10579,0.020792050287127495
10580,0.987114667892456
10581,0.9935848116874695
10582,0.001719222404062748
10583,0.756952166557312
10584,0.9999853372573853
10585,0.9994231462478638
10586,0.0427609384059906
10587,0.9985716342926025
10588,0.9998015761375427
10589,1.9235248061022503e-08
10590,0.007101519964635372
10591,0.5549477934837341
10592,0.663444459438324
10593,0.9879040122032166
10594,0.749042272567749
10595,0.9999520778656006
10596,0.04452766850590706
10597,0.8263881206512451
10598,0.9999889135360718
10599,0.9997697472572327
10600,0.9993647933006287
10601,0.004469338804483414
10602,0.9319207072257996
10603,0.3546043336391449
10604,0.022094758227467537
10605,0.036825984716415405
10606,0.999996542930603
10607,0.6321496367454529
10608,0.45360472798347473
10609,0.9994269609451294
10610,0.989123523235321
10611,1.0746354746515863e-05
10612,0.6464508175849915
10613,0.5296069979667664
10614,1.7093896076403325e-08
10615,0.00015753657498862594
10616,0.9980447292327881
10617,0.0533633790910244
10618,0.636041522026062
10619,0.05940445512533188
10620,0.12559862434864044
10621,9.4488328272746e-08
10622,0.795181930065155
10623,0.0010393427219241858
10624,7.059604286041576e-06
10625,0.9961082339286804
10626,0.025928856804966927
10627,0.8122307658195496
10628,1.520084992989723e-06
10629,0.9554832577705383
10630,0.00029743279446847737
10631,0.013034223578870296
10632,0.9643293023109436
10633,0.923974871635437
10634,6.668554851785302e-05
10635,0.18430335819721222
10636,0.1064225286245346
10637,0.12724338471889496
10638,0.00016567300190217793
10639,0.9986218214035034
10640,0.3196714222431183
10641,0.9967625141143799
10642,0.9999406337738037
10643,0.00029262894531711936
10644,0.5987783670425415
10645,1.0
10646,0.664114773273468
10647,0.9578166604042053
10648,0.9979857206344604
10649,0.00014837626076769084
10650,0.0019578589126467705
10651,0.9995900988578796
10652,0.03758174553513527
10653,0.019956761971116066
10654,0.006133372895419598
10655,0.027534503489732742
10656,1.0
10657,0.0001421748602297157
10658,0.10254388302564621
10659,0.9985284805297852
10660,0.00207386608235538
10661,0.5048539638519287
10662,0.9817759394645691
10663,0.036032021045684814
10664,0.00019718728435691446
10665,0.3892911970615387
10666,0.9601160883903503
10667,0.9998621940612793
10668,6.901083793309226e-08
10669,1.4367958101502154e-05
10670,6.387247594830114e-06
10671,0.17403601109981537
10672,0.06841850280761719
10673,0.9999996423721313
10674,0.0011164459865540266
10675,0.1764110028743744
10676,0.29948392510414124
10677,0.04313510283827782
10678,0.12071389704942703
10679,0.0001707532355794683
10680,0.9061018824577332
10681,0.0032222133595496416
10682,0.29970434308052063
10683,0.9828448295593262
10684,0.9863137006759644
10685,0.9296528100967407
10686,0.15175531804561615
10687,0.013212546706199646
10688,0.3924841582775116
10689,0.999242901802063
10690,1.674943086982239e-05
10691,0.015941286459565163
10692,0.9989803433418274
10693,0.0014917885418981314
10694,0.0013471441343426704
10695,0.9999998807907104
10696,0.9441905617713928
10697,0.9999994039535522
10698,0.1765955537557602
10699,0.03772956505417824
10700,0.02459135837852955
10701,0.955467700958252
10702,0.8567829132080078
10703,0.21779736876487732
10704,0.7531248331069946
10705,0.978604793548584
10706,0.018516777083277702
10707,1.0
10708,0.9942179918289185
10709,0.9999856948852539
10710,0.0036732701119035482
10711,0.2971839904785156
10712,0.9953681230545044
10713,0.0006072005489841104
10714,0.03440304473042488
10715,0.9923416376113892
10716,0.12875647842884064
10717,0.6043042540550232
10718,0.004364605061709881
10719,0.9999995231628418
10720,0.8363218903541565
10721,0.0319804884493351
10722,0.004980714991688728
10723,0.9999270439147949
10724,0.9759247303009033
10725,0.9646827578544617
10726,0.03358788415789604
10727,1.250982109013421e-06
10728,5.2636714826803654e-05
10729,1.3366099026190792e-11
10730,0.9960905909538269
10731,0.944282591342926
10732,0.9629924297332764
10733,0.0006541378097608685
10734,0.9218592047691345
10735,0.7682439684867859
10736,0.24244053661823273
10737,0.011876952834427357
10738,0.007734989281743765
10739,0.9958106279373169
10740,0.001113788690418005
10741,0.9999843835830688
10742,0.9986819624900818
10743,0.2276173233985901
10744,0.9663288593292236
10745,0.03159727901220322
10746,0.08495781570672989
10747,0.02062452957034111
10748,3.510663981742823e-09
10749,0.00564100407063961
10750,0.059454478323459625
10751,0.03226181119680405
10752,0.9859027862548828
10753,0.665829598903656
10754,0.041061870753765106
10755,0.9952670335769653
10756,0.5076391696929932
10757,0.263314425945282
10758,0.9999992847442627
10759,0.4846082925796509
10760,0.06410755962133408
10761,0.0016120846848934889
10762,0.011048799380660057
10763,0.0011488707968965173
10764,7.015431435775099e-08
10765,0.9996746778488159
10766,0.9560776352882385
10767,0.9949927926063538
10768,0.994023859500885
10769,0.9982013702392578
10770,0.9637673497200012
10771,0.6095588207244873
10772,0.05444050580263138
10773,0.9812755584716797
10774,5.868380412721308e-06
10775,1.10572973426315e-05
10776,0.326135516166687
10777,0.9725826382637024
10778,1.2505976883403491e-05
10779,7.055282912915573e-05
10780,8.858824730850756e-05
10781,0.000453225860837847
10782,0.9548138976097107
10783,0.34891992807388306
10784,6.493851856248511e-07
10785,0.1752215325832367
10786,5.711843868994038e-07
10787,0.8043458461761475
10788,0.24196206033229828
10789,0.00609247200191021
10790,0.20980578660964966
10791,0.1984008103609085
10792,0.049294713884592056
10793,0.40424320101737976
10794,0.9994090795516968
10795,0.4842071235179901
10796,0.014281095005571842
10797,0.0024201965425163507
10798,0.0003126045048702508
10799,0.0006582628120668232
10800,0.034816477447748184
10801,0.7676801085472107
10802,1.946638985828031e-05
10803,0.04167851060628891
10804,0.03364098072052002
10805,0.4654925763607025
10806,0.08819042891263962
10807,0.00012771277397405356
10808,0.9137958288192749
10809,2.6355279260315e-05
10810,0.6942148208618164
10811,0.9999996423721313
10812,0.3555772304534912
10813,0.031023764982819557
10814,0.274800181388855
10815,0.048774994909763336
10816,0.8487113118171692
10817,0.10929834097623825
10818,0.00017770531121641397
10819,0.9496901035308838
10820,0.9652520418167114
10821,0.998670220375061
10822,0.0908162072300911
10823,0.5414322018623352
10824,0.0001770438684616238
10825,0.9468059539794922
10826,0.8110404014587402
10827,0.005509242415428162
10828,0.29902517795562744
10829,0.030035344883799553
10830,0.9778649806976318
10831,0.1799948513507843
10832,0.005677609704434872
10833,0.16853168606758118
10834,0.10784617066383362
10835,0.013735336251556873
10836,0.8979334831237793
10837,0.938414454460144
10838,0.9515328407287598
10839,0.3786356449127197
10840,0.04969608038663864
10841,0.015518591739237309
10842,0.07037868350744247
10843,0.620109498500824
10844,0.9990899562835693
10845,0.9999992847442627
10846,0.018940409645438194
10847,0.26984158158302307
10848,0.9999860525131226
10849,0.3473827838897705
10850,0.07836418598890305
10851,0.9957612156867981
10852,0.550308883190155
10853,0.9999998807907104
10854,0.9999932050704956
10855,0.9928939938545227
10856,0.001336149056442082
10857,0.972553551197052
10858,0.9897408485412598
10859,0.9984148740768433
10860,0.006274642888456583
10861,0.9162567257881165
10862,0.0013729778584092855
10863,1.0
10864,0.9952345490455627
10865,0.007048503961414099
10866,0.9999830722808838
10867,3.99711134377867e-05
10868,0.6142796874046326
10869,0.9892573952674866
10870,0.02746811881661415
10871,0.011738204397261143
10872,0.03653990477323532
10873,0.0014631315134465694
10874,9.224191671819426e-06
10875,0.9960523843765259
10876,0.5461870431900024
10877,0.003969054203480482
10878,0.0003277689393144101
10879,0.9985780715942383
10880,0.131989523768425
10881,0.09860162436962128
10882,0.4362908601760864
10883,0.6069932579994202
10884,4.3428859498817474e-05
10885,0.0008847302524372935
10886,5.927947199779737e-07
10887,0.07927395403385162
10888,0.9997469782829285
10889,0.09192115068435669
10890,0.48443469405174255
10891,0.01154244877398014
10892,0.7191218137741089
10893,1.4640414519817568e-05
10894,0.00902497861534357
10895,0.999836802482605
10896,0.9546469449996948
10897,0.005020321346819401
10898,0.954246997833252
10899,0.5799170732498169
10900,0.9999736547470093
10901,0.028846070170402527
10902,0.9999442100524902
10903,0.9999998807907104
10904,0.10564165562391281
10905,0.003760347841307521
10906,0.0011298153549432755
10907,0.9999984502792358
10908,0.0031435037963092327
10909,0.6214652061462402
10910,0.2759310007095337
10911,0.9977471232414246
10912,0.8979455232620239
10913,0.9959283471107483
10914,0.9947046637535095
10915,0.0007513206801377237
10916,0.9391416907310486
10917,0.0015718835638836026
10918,0.012387546710669994
10919,0.9988769888877869
10920,0.7575194239616394
10921,0.8272238373756409
10922,0.0014336612075567245
10923,0.13615961372852325
10924,0.7953746318817139
10925,0.5104551315307617
10926,0.9753986597061157
10927,0.004979258868843317
10928,1.4867617210256867e-05
10929,0.015505156479775906
10930,0.9992613196372986
10931,0.6675620079040527
10932,0.9999986886978149
10933,0.7763262987136841
10934,0.011174216866493225
10935,0.9044265747070312
10936,0.047854602336883545
10937,0.7775598764419556
10938,0.6873742341995239
10939,0.20827780663967133
10940,0.8403596878051758
10941,0.2522673010826111
10942,0.010363920591771603
10943,0.4699886441230774
10944,0.21025873720645905
10945,1.1894989029315184e-06
10946,0.9998880624771118
10947,0.0012656665639951825
10948,0.8171169757843018
10949,0.9977201819419861
10950,1.997059371205978e-06
10951,0.9999997615814209
10952,0.9977766871452332
10953,0.008077397011220455
10954,0.9980059266090393
10955,0.06781437247991562
10956,0.0011589714558795094
10957,0.25346601009368896
10958,0.00403856486082077
10959,0.6192812323570251
10960,0.011337311007082462
10961,0.29349008202552795
10962,0.18659105896949768
10963,0.7620368003845215
10964,4.108136408831342e-07
10965,0.0017230551457032561
10966,0.8763564825057983
10967,3.612670116126537e-05
10968,0.9295967817306519
10969,0.8659981489181519
10970,0.004015774466097355
10971,0.1262061595916748
10972,0.11987809091806412
10973,0.35095638036727905
10974,0.6647672653198242
10975,0.02705579809844494
10976,0.017679905518889427
10977,0.0035071761813014746
10978,0.8803927898406982
10979,0.9998466968536377
10980,1.6919469771892182e-06
10981,0.31179025769233704
10982,0.9701241254806519
10983,0.9998539686203003
10984,0.6651999950408936
10985,0.23529812693595886
10986,0.0025990274734795094
10987,0.003781681414693594
10988,0.35348981618881226
10989,0.01703251339495182
10990,0.9946520328521729
10991,0.15942290425300598
10992,0.015603798441588879
10993,0.9979850053787231
10994,0.17614291608333588
10995,0.060753997415304184
10996,1.0
10997,0.0007512183510698378
10998,0.9735986590385437
10999,0.0023394147865474224
11000,0.38004910945892334
11001,0.9965416789054871
11002,0.9633567333221436
11003,0.08105717599391937
11004,0.01367451623082161
11005,0.99604731798172
11006,0.9999998807907104
11007,0.9940896034240723
11008,0.588763415813446
11009,0.9654285907745361
11010,0.9963787198066711
11011,0.146587535738945
11012,0.999893307685852
11013,0.6531674265861511
11014,0.9643406271934509
11015,0.779888391494751
11016,0.9810507893562317
11017,0.01037250179797411
11018,0.10639120638370514
11019,0.9999998807907104
11020,0.9921852946281433
11021,0.8664003014564514
11022,0.010221874341368675
11023,0.9756177067756653
11024,0.9999216794967651
11025,0.001255122828297317
11026,0.0010334029793739319
11027,0.4321703612804413
11028,0.0010795332491397858
11029,0.48383620381355286
11030,0.5799493789672852
11031,2.2824652390340816e-08
11032,0.7512585520744324
11033,0.9689974188804626
11034,0.38539427518844604
11035,0.8736081123352051
11036,0.9362502098083496
11037,1.0
11038,0.011997479014098644
11039,8.17304098745808e-05
11040,0.9716215133666992
11041,0.8880496025085449
11042,0.08802033215761185
11043,0.9670796990394592
11044,0.022224532440304756
11045,0.11765087395906448
11046,0.9999961853027344
11047,0.9999899864196777
11048,0.6125134229660034
11049,0.980505645275116
11050,0.9999682903289795
11051,0.9907186627388
11052,0.007310677319765091
11053,0.7893592119216919
11054,0.9997574687004089
11055,0.009819469414651394
11056,0.0039860256947577
11057,0.9995700716972351
11058,0.5329982042312622
11059,0.06199749559164047
11060,0.004418714437633753
11061,0.0030356207862496376
11062,1.0
11063,0.1682216376066208
11064,0.00012301617243792862
11065,0.9437952637672424
11066,0.9899352192878723
11067,0.456391304731369
11068,0.15803341567516327
11069,0.9985242486000061
11070,0.9828631281852722
11071,0.9999998807907104
11072,0.003361768089234829
11073,0.7696644067764282
11074,0.6323893666267395
11075,0.002317744540050626
11076,0.14476265013217926
11077,0.0011730460682883859
11078,0.005973355378955603
11079,0.1887577921152115
11080,0.9999692440032959
11081,0.9999802112579346
11082,1.56852763666393e-06
11083,0.04863293841481209
11084,0.14890789985656738
11085,0.010780060663819313
11086,0.12249166518449783
11087,2.6528187979657503e-10
11088,0.058175548911094666
11089,0.10774984210729599
11090,0.46744340658187866
11091,0.19445794820785522
11092,0.9999532699584961
11093,0.9986078143119812
11094,0.7052791118621826
11095,0.9893895983695984
11096,0.9873069524765015
11097,0.06353028863668442
11098,0.5839952230453491
11099,0.0004944202955812216
11100,0.8626651763916016
11101,1.0
11102,6.04568631388247e-05
11103,5.138182928021706e-07
11104,0.9999988079071045
11105,0.19698598980903625
11106,5.729062650061678e-06
11107,0.9999226331710815
11108,0.4390815198421478
11109,2.467308604536811e-06
11110,0.08618219196796417
11111,0.1459496170282364
11112,0.9995835423469543
11113,0.7253912687301636
11114,0.9999997615814209
11115,0.8247007727622986
11116,0.06803931295871735
11117,0.9794737696647644
11118,0.003010166110470891
11119,0.0092270253226161
11120,0.022292567417025566
11121,0.03111017867922783
11122,0.003967712167650461
11123,0.9968482851982117
11124,0.0020377200562506914
11125,0.9696969985961914
11126,0.9999997615814209
11127,0.3236331641674042
11128,0.9526569247245789
11129,4.0560439629189204e-06
11130,0.00019699409313034266
11131,0.018794937059283257
11132,0.23285816609859467
11133,0.9183138608932495
11134,0.9453238248825073
11135,0.19512848556041718
11136,0.7242695093154907
11137,0.0034543967340141535
11138,0.4930975139141083
11139,0.8385508060455322
11140,0.9996695518493652
11141,0.9819310903549194
11142,0.950433611869812
11143,0.9965409636497498
11144,4.980711673852056e-05
11145,0.9783883690834045
11146,0.00569126894697547
11147,0.9994331002235413
11148,0.9961899518966675
11149,0.9993616938591003
11150,3.789991023950279e-05
11151,0.9999958276748657
11152,0.9984601736068726
11153,0.9999562501907349
11154,1.0
11155,0.8638377785682678
11156,0.002368941903114319
11157,0.3110673725605011
11158,0.0009632899891585112
11159,0.9999598264694214
11160,0.0010457738535478711
11161,0.9291092753410339
11162,0.0004232380888424814
11163,0.49226120114326477
11164,0.8551019430160522
11165,0.899306058883667
11166,0.0003412947116885334
11167,0.9826706051826477
11168,0.004910007119178772
11169,0.9787428379058838
11170,0.9999990463256836
11171,0.001486319350078702
11172,5.330873591447016e-07
11173,0.9953806400299072
11174,0.07615228742361069
11175,0.18640194833278656
11176,0.9999644756317139
11177,5.178893115953542e-05
11178,0.9996280670166016
11179,0.02795090340077877
11180,0.9972525238990784
11181,0.3112832307815552
11182,0.9609670639038086
11183,0.3290006220340729
11184,0.20571687817573547
11185,0.019893458113074303
11186,0.353169322013855
11187,1.1802976587205194e-05
11188,0.3714798092842102
11189,0.9989691972732544
11190,0.0033610507380217314
11191,0.9995622038841248
11192,0.02397698163986206
11193,0.7052631974220276
11194,0.4546983242034912
11195,0.9947591423988342
11196,2.9322873729142884e-07
11197,0.1380992829799652
11198,0.00014405077672563493
11199,0.7345989346504211
11200,0.2998146116733551
11201,0.9999990463256836
11202,0.9286000728607178
11203,0.23285363614559174
11204,0.999966025352478
11205,0.9991362690925598
11206,3.1714633223600686e-05
11207,0.02556811273097992
11208,0.04531555995345116
11209,0.056883927434682846
11210,0.9999170303344727
11211,0.23990106582641602
11212,0.6568712592124939
11213,0.19590964913368225
11214,0.00469126645475626
11215,0.0004460102063603699
11216,0.599898099899292
11217,0.999087929725647
11218,0.5009535551071167
11219,0.00011174075189046562
11220,0.038512200117111206
11221,0.004852657206356525
11222,0.999683141708374
11223,0.21537189185619354
11224,0.9980814456939697
11225,0.038019951432943344
11226,0.014012293890118599
11227,0.9998227953910828
11228,0.06645713001489639
11229,0.9814955592155457
11230,0.7287647128105164
11231,0.9958763122558594
11232,0.08864694088697433
11233,0.0067789009772241116
11234,0.0031177890487015247
11235,0.7511580586433411
11236,0.0012442647712305188
11237,0.9961923360824585
11238,0.9703622460365295
11239,0.9951039552688599
11240,0.0006249636062420905
11241,0.3571811616420746
11242,0.9999990463256836
11243,0.03384104371070862
11244,0.9278039932250977
11245,0.013916238211095333
11246,0.27965807914733887
11247,0.9999039173126221
11248,1.0
11249,0.8497687578201294
11250,0.8939381837844849
11251,0.07826407253742218
11252,0.15185703337192535
11253,0.9390684366226196
11254,0.7333786487579346
11255,0.12974604964256287
11256,0.042850296944379807
11257,0.997879147529602
11258,1.0
11259,0.04368430748581886
11260,0.0035458141937851906
11261,0.9822983741760254
11262,0.9999998807907104
11263,0.0058985124342143536
11264,0.307396799325943
11265,0.9597015380859375
11266,0.025217976421117783
11267,0.05862097814679146
11268,0.5795683264732361
11269,0.9925971031188965
11270,0.517114520072937
11271,0.17565886676311493
11272,0.9996246099472046
11273,0.35572588443756104
11274,0.988058865070343
11275,0.0007183151901699603
11276,0.12389232218265533
11277,0.8467442989349365
11278,0.7647923231124878
11279,0.9944689273834229
11280,0.15392906963825226
11281,0.6690793633460999
11282,0.734147846698761
11283,0.02640688046813011
11284,0.7348712086677551
11285,0.00043324887519702315
11286,0.9670464992523193
11287,0.33522701263427734
11288,0.0021891649812459946
11289,0.0016531855799257755
11290,0.9983737468719482
11291,1.0991001545335166e-05
11292,0.9934571385383606
11293,0.926089346408844
11294,0.9903698563575745
11295,0.00017697346629574895
11296,0.564047634601593
11297,0.9964471459388733
11298,1.6923406747082481e-06
11299,0.005184769164770842
11300,0.5052816271781921
11301,1.9584033452701988e-06
11302,0.6338868141174316
11303,0.9910881519317627
11304,0.03499249741435051
11305,0.9364820122718811
11306,0.9944169521331787
11307,0.5452542304992676
11308,0.9982849955558777
11309,0.9798690676689148
11310,0.40273797512054443
11311,0.8596093654632568
11312,0.9994414448738098
11313,0.14556573331356049
11314,0.9987481832504272
11315,0.7431180477142334
11316,0.8164523839950562
11317,0.016898373141884804
11318,0.00035034355823881924
11319,0.8234288096427917
11320,0.1504061073064804
11321,0.9818992614746094
11322,0.9985055923461914
11323,0.00016591344319749624
11324,0.05636213347315788
11325,0.710215151309967
11326,0.865831196308136
11327,0.0026916631031781435
11328,1.4710140021634288e-05
11329,0.9999866485595703
11330,0.001062683411873877
11331,0.9860237836837769
11332,0.9998176693916321
11333,0.047182805836200714
11334,0.0010604211129248142
11335,0.8919435739517212
11336,0.0077010528184473515
11337,0.13999922573566437
11338,0.40679964423179626
11339,0.8335584402084351
11340,0.9966350197792053
11341,0.6136651635169983
11342,0.0006449364591389894
11343,0.978333055973053
11344,0.9957006573677063
11345,0.14569085836410522
11346,0.9700036644935608
11347,0.9815319776535034
11348,0.001149584073573351
11349,0.03043382242321968
11350,0.014144659042358398
11351,0.4806918799877167
11352,0.9997047781944275
11353,0.0005642978940159082
11354,9.152383427135646e-05
11355,0.27739986777305603
11356,0.9999988079071045
11357,0.9481145143508911
11358,0.017166409641504288
11359,0.00012327745207585394
11360,0.9877777695655823
11361,0.07084137201309204
11362,0.0010800048476085067
11363,0.9787184000015259
11364,0.001369744073599577
11365,5.9557255127629105e-08
11366,0.6397243738174438
11367,0.05307302623987198
11368,0.000557284860406071
11369,0.0060529098846018314
11370,0.9998099207878113
11371,0.8907555937767029
11372,0.013837498612701893
11373,6.248911176953698e-06
11374,0.3033522665500641
11375,0.0313999243080616
11376,0.00015968138177413493
11377,0.07180213928222656
11378,0.21093615889549255
11379,0.004917846526950598
11380,0.8077314496040344
11381,0.1483493447303772
11382,0.2803337872028351
11383,0.9846786260604858
11384,0.03405633568763733
11385,0.992572546005249
11386,0.9737557768821716
11387,0.8587701916694641
11388,0.0014205221086740494
11389,0.7889494299888611
11390,0.015555634163320065
11391,0.9068469405174255
11392,0.008333312347531319
11393,0.21208904683589935
11394,0.6690383553504944
11395,0.999625563621521
11396,0.6767507195472717
11397,0.8187838792800903
11398,0.9867849946022034
11399,0.9997549653053284
11400,0.9745194911956787
11401,0.19443130493164062
11402,0.3340360224246979
11403,0.9352797269821167
11404,0.0003739394305739552
11405,0.03786563128232956
11406,0.9981104135513306
11407,0.9969141483306885
11408,0.04847796633839607
11409,2.3861897716415115e-05
11410,0.17711642384529114
11411,0.6207259893417358
11412,0.8994805812835693
11413,0.003738317172974348
11414,0.001474314951337874
11415,0.026962311938405037
11416,1.0
11417,0.8721460103988647
11418,0.28925806283950806
11419,0.9999964237213135
11420,0.9996457099914551
11421,0.5137758851051331
11422,0.9902993440628052
11423,0.43971291184425354
11424,0.40454167127609253
11425,0.5962169766426086
11426,0.9961721301078796
11427,0.9979695677757263
11428,0.9969064593315125
11429,0.9998432397842407
11430,0.28778794407844543
11431,0.00038972473703324795
11432,0.04021526128053665
11433,0.0029436969198286533
11434,1.6893737608825177e-07
11435,0.8898162841796875
11436,0.8814754486083984
11437,0.8579972982406616
11438,0.7156503200531006
11439,0.9999996423721313
11440,0.0007703857845626771
11441,0.9910821914672852
11442,1.0
11443,1.0
11444,0.005206423345953226
11445,0.227218896150589
11446,0.0010071059223264456
11447,1.2142987543484196e-05
11448,0.9986187219619751
11449,0.6314677000045776
11450,0.18828070163726807
11451,0.9935103058815002
11452,0.3524801433086395
11453,0.47837013006210327
11454,0.9894104599952698
11455,0.05281996354460716
11456,0.9990880489349365
11457,0.004186635371297598
11458,0.9999979734420776
11459,0.9951786994934082
11460,0.005919531919062138
11461,0.9796556234359741
11462,0.03157184645533562
11463,4.242822797095869e-06
11464,0.7956539988517761
11465,0.5782549977302551
11466,0.06613289564847946
11467,0.07191874831914902
11468,0.9711247682571411
11469,0.9961399435997009
11470,0.9901382923126221
11471,0.3553764522075653
11472,0.9996280670166016
11473,0.999909520149231
11474,0.13694193959236145
11475,0.3943278193473816
11476,0.2353668361902237
11477,1.4302106166041995e-09
11478,0.021312251687049866
11479,0.33561310172080994
11480,0.0002525334421079606
11481,0.0023706916254013777
11482,0.0211096853017807
11483,0.9999769926071167
11484,0.09274222701787949
11485,0.00020286874496378005
11486,0.9999998807907104
11487,0.9980091452598572
11488,0.999930739402771
11489,0.0018310638843104243
11490,0.5186231136322021
11491,0.11334949731826782
11492,0.074518121778965
11493,0.00011424977128626779
11494,0.0986328199505806
11495,0.190109521150589
11496,0.9999580383300781
11497,0.16206669807434082
11498,0.0017935401992872357
11499,0.00015104308840818703
11500,0.3530082702636719
11501,0.04587395116686821
11502,0.8861803412437439
11503,0.9396013021469116
11504,5.19134857768222e-07
11505,0.23295795917510986
11506,0.9501181244850159
11507,0.019241677597165108
11508,0.0008576110121794045
11509,0.6512528657913208
11510,0.9688408970832825
11511,0.05096205696463585
11512,0.9947797060012817
11513,0.9999995231628418
11514,0.14307934045791626
11515,0.999834418296814
11516,0.9998887777328491
11517,0.040455225855112076
11518,0.008561996743083
11519,0.9241867065429688
11520,0.9981517195701599
11521,0.9557106494903564
11522,0.08383247256278992
11523,7.308378826564876e-06
11524,0.6156629323959351
11525,0.9837046265602112
11526,0.7233302593231201
11527,0.9999908208847046
11528,3.1610225050826557e-06
11529,0.0020310732070356607
11530,0.7759647965431213
11531,9.706811397336423e-06
11532,0.005406266078352928
11533,0.9909499287605286
11534,0.00818203017115593
11535,0.8397878408432007
11536,0.3373523950576782
11537,0.9969480633735657
11538,0.0001762014871928841
11539,0.9999998807907104
11540,0.0014012547908350825
11541,0.7693618535995483
11542,0.9745479822158813
11543,0.7642605900764465
11544,1.2419311133271549e-05
11545,0.012322397902607918
11546,0.006551723927259445
11547,0.03104594722390175
11548,0.992073118686676
11549,0.0089350501075387
11550,0.7045009136199951
11551,0.13759152591228485
11552,0.9876469373703003
11553,0.9821460843086243
11554,0.7566054463386536
11555,0.4434276521205902
11556,0.01055595651268959
11557,1.6825357818106568e-07
11558,0.023103293031454086
11559,0.5878660082817078
11560,1.4327100927857828e-07
11561,0.5435958504676819
11562,0.9789379239082336
11563,0.01079731248319149
11564,1.3332502879492836e-09
11565,0.0011599184945225716
11566,0.00013683747965842485
11567,0.9996858835220337
11568,0.0026200488209724426
11569,0.3529907763004303
11570,0.0005360226496122777
11571,0.1751440465450287
11572,0.007379847578704357
11573,2.43098838836886e-05
11574,9.243989325113944e-07
11575,0.9938364624977112
11576,0.9999997615814209
11577,0.014731292612850666
11578,0.00013958761701360345
11579,1.0
11580,0.9999656677246094
11581,0.22538132965564728
11582,6.74746825253536e-13
11583,0.0004021247150376439
11584,0.8250026702880859
11585,0.7682082056999207
11586,0.05724073573946953
11587,2.4561155441915616e-05
11588,2.440353637211956e-05
11589,0.9983071088790894
11590,0.00025875013670884073
11591,0.0004111451271455735
11592,0.09915992617607117
11593,0.9880209565162659
11594,0.8522602915763855
11595,0.03274144232273102
11596,0.009449473582208157
11597,0.0005734160076826811
11598,0.9236077070236206
11599,0.13331258296966553
11600,0.8525181412696838
11601,0.013675392605364323
11602,0.9371827840805054
11603,0.2870328724384308
11604,0.9948269724845886
11605,0.0925530418753624
11606,0.6333065629005432
11607,0.006271242629736662
11608,0.000435436493717134
11609,0.9484068155288696
11610,0.00028598925564438105
11611,0.04549524560570717
11612,0.411201536655426
11613,0.005226681940257549
11614,4.842937606497344e-09
11615,1.4545017620548606e-05
11616,0.361796498298645
11617,0.9956346154212952
11618,0.3565624952316284
11619,0.0016867354279384017
11620,9.068134545486828e-07
11621,0.0006757259834557772
11622,0.007017508149147034
11623,0.9476707577705383
11624,0.24173569679260254
11625,0.8376350998878479
11626,0.9121353626251221
11627,0.9999988079071045
11628,0.9946823716163635
11629,0.2984319031238556
11630,0.9983893632888794
11631,0.23228564858436584
11632,0.26382818818092346
11633,0.008440484292805195
11634,0.04610796272754669
11635,0.9993340373039246
11636,0.005568784195929766
11637,0.18386048078536987
11638,0.004713145550340414
11639,0.014671477489173412
11640,0.9999821186065674
11641,0.06804395467042923
11642,0.9322518110275269
11643,0.22214651107788086
11644,0.036759622395038605
11645,0.930610716342926
11646,0.8580511212348938
11647,0.7088450789451599
11648,1.0
11649,0.21210820972919464
11650,0.14086182415485382
11651,0.9998687505722046
11652,0.0011861539678648114
11653,0.5833684802055359
11654,0.8539075255393982
11655,0.9892141222953796
11656,0.988923966884613
11657,0.6011608242988586
11658,0.24436259269714355
11659,0.06539028137922287
11660,0.9998511075973511
11661,0.06901715695858002
11662,0.5941954851150513
11663,0.9999561309814453
11664,0.03964223712682724
11665,0.9269858002662659
11666,0.2939632534980774
11667,0.15244898200035095
11668,1.790714918570302e-07
11669,0.9999998807907104
11670,0.9997263550758362
11671,0.9997819066047668
11672,0.000776146596763283
11673,0.9999831914901733
11674,0.9846426844596863
11675,0.019542748108506203
11676,0.011415557004511356
11677,0.4962548315525055
11678,0.5929080843925476
11679,0.4620357155799866
11680,0.971924901008606
11681,0.9979594945907593
11682,0.010333525016903877
11683,0.5711120963096619
11684,0.11440712213516235
11685,0.07356934994459152
11686,0.002398107433691621
11687,0.0003666580596473068
11688,0.9930160045623779
11689,0.10360570251941681
11690,0.9950514435768127
11691,0.0015709424624219537
11692,8.758875083003659e-06
11693,0.01557645108550787
11694,0.23947598040103912
11695,0.0036582297179847956
11696,0.8826208114624023
11697,0.9873102903366089
11698,0.023742442950606346
11699,0.9999727010726929
11700,2.345944494663854e-06
11701,0.0035644795279949903
11702,0.005080907605588436
11703,4.919224375043996e-05
11704,0.009561828337609768
11705,1.0
11706,0.9975301623344421
11707,0.03485846891999245
11708,0.010655687190592289
11709,1.0
11710,0.8696171641349792
11711,0.11745883524417877
11712,0.15814770758152008
11713,1.0
11714,0.3751029074192047
11715,0.2924995720386505
11716,0.7045998573303223
11717,0.22136229276657104
11718,0.9995934367179871
11719,0.03201529011130333
11720,0.9995203018188477
11721,0.004766574129462242
11722,2.155582933482947e-06
11723,0.9995654225349426
11724,0.33560582995414734
11725,0.9983188509941101
11726,8.684892964083701e-05
11727,1.5988181445436567e-08
11728,0.1148172989487648
11729,0.9981693029403687
11730,0.4354138970375061
11731,1.0
11732,0.9999998807907104
11733,1.0
11734,0.08958350121974945
11735,0.8893200159072876
11736,0.010263821110129356
11737,0.6200305819511414
11738,8.511186024406925e-05
11739,0.5487633347511292
11740,0.9976592063903809
11741,0.7710695862770081
11742,7.377645374617714e-07
11743,0.00766720250248909
11744,0.10594674199819565
11745,0.34251800179481506
11746,0.8546420335769653
11747,5.988702582726546e-07
11748,4.572907528199721e-06
11749,0.9953758716583252
11750,8.33504432140586e-10
11751,3.8374565747290035e-09
11752,0.9908310174942017
11753,0.9886422753334045
11754,0.020116733387112617
11755,0.011231654323637486
11756,0.000924015766941011
11757,0.08482383191585541
11758,0.979472815990448
11759,0.810245931148529
11760,0.19444257020950317
11761,1.0
11762,0.07455156743526459
11763,0.019356466829776764
11764,0.9992757439613342
11765,0.8497074246406555
11766,0.21523253619670868
11767,0.9940485954284668
11768,4.2404485611768905e-06
11769,0.9068462252616882
11770,0.9708789587020874
11771,0.0032475809566676617
11772,0.9998764991760254
11773,0.7055554389953613
11774,0.8468064665794373
11775,0.4054286479949951
11776,0.9888728260993958
11777,0.0629599466919899
11778,0.2797048091888428
11779,0.12389232218265533
11780,0.35184991359710693
11781,0.9904304146766663
11782,0.18951131403446198
11783,6.286984444159316e-07
11784,0.9823410511016846
11785,0.9849910140037537
11786,0.002271409844979644
11787,0.9965204000473022
11788,0.13056409358978271
11789,0.39688652753829956
11790,0.6554238796234131
11791,0.3782776892185211
11792,0.974522054195404
11793,0.021655403077602386
11794,0.004011910408735275
11795,0.9921013712882996
11796,0.11137448251247406
11797,0.059006210416555405
11798,0.10453808307647705
11799,0.46944236755371094
11800,0.6715413928031921
11801,0.9997552037239075
11802,0.0004533063038252294
11803,0.04083992540836334
11804,0.998766303062439
11805,0.9998618364334106
11806,0.9979078769683838
11807,0.0004670713096857071
11808,0.039182525128126144
11809,0.9999971389770508
11810,0.29732853174209595
11811,0.00910236593335867
11812,0.04501200467348099
11813,0.0007096555200405419
11814,0.4975055456161499
11815,0.9965437054634094
11816,0.9993717074394226
11817,0.0006315088248811662
11818,0.9214399456977844
11819,0.0001965001574717462
11820,0.8142052292823792
11821,0.9997568726539612
11822,0.6009669303894043
11823,0.838312029838562
11824,0.9614610075950623
11825,0.49565550684928894
11826,0.32098135352134705
11827,1.0
11828,0.9995118379592896
11829,0.9999986886978149
11830,0.009074040688574314
11831,0.999976396560669
11832,0.019211120903491974
11833,0.9997656941413879
11834,0.9889559149742126
11835,0.8193816542625427
11836,0.19711628556251526
11837,0.9948738217353821
11838,0.9999997615814209
11839,0.9910895824432373
11840,0.991706132888794
11841,1.0
11842,0.0025877109728753567
11843,0.9836298823356628
11844,0.99993896484375
11845,0.6803373098373413
11846,0.02880401536822319
11847,0.07617853581905365
11848,0.3413613736629486
11849,0.44057631492614746
11850,0.8974788188934326
11851,0.7401618957519531
11852,1.0
11853,2.756084768407163e-06
11854,0.0007751491502858698
11855,0.9999922513961792
11856,6.581736670341343e-05
11857,0.11041371524333954
11858,0.0027532430831342936
11859,9.953924745786935e-05
11860,0.18153728544712067
11861,0.3774693012237549
11862,0.772443413734436
11863,0.23704475164413452
11864,0.0008217189460992813
11865,0.023631354793906212
11866,0.3001214861869812
11867,0.9488183259963989
11868,0.06145395338535309
11869,0.43177250027656555
11870,0.998715877532959
11871,0.3120817542076111
11872,0.9581948518753052
11873,0.0005858975346200168
11874,0.974311113357544
11875,0.679351270198822
11876,0.5458946228027344
11877,0.8682746291160583
11878,0.7983403205871582
11879,0.9232524633407593
11880,0.012273605912923813
11881,0.8229334354400635
11882,0.9557470083236694
11883,0.979152500629425
11884,0.46074366569519043
11885,0.010678413324058056
11886,0.9976279139518738
11887,0.03766294941306114
11888,1.674932605055801e-06
11889,0.19278591871261597
11890,1.5713403627160005e-05
11891,0.0018769634189084172
11892,0.8955527544021606
11893,0.917758047580719
11894,0.955599308013916
11895,0.9945701956748962
11896,0.003050977597013116
11897,0.9999990463256836
11898,0.002094059716910124
11899,0.11376738548278809
11900,0.003284495323896408
11901,0.9966901540756226
11902,0.9978394508361816
11903,0.0017419519135728478
11904,0.5134003162384033
11905,0.016265135258436203
11906,0.6099075078964233
11907,0.6489524841308594
11908,1.3796280882161227e-06
11909,0.4604485332965851
11910,0.9989194869995117
11911,0.0037513559218496084
11912,0.9782946705818176
11913,7.570546586066484e-05
11914,0.012780564837157726
11915,0.9962310194969177
11916,0.014476234093308449
11917,0.766473114490509
11918,0.9855740666389465
11919,0.009645077399909496
11920,0.9997790455818176
11921,0.9999496936798096
11922,0.49461105465888977
11923,0.999967098236084
11924,0.000434859684901312
11925,9.630468866816955e-07
11926,0.48371773958206177
11927,0.3728990852832794
11928,0.9978177547454834
11929,0.008058209903538227
11930,0.003906457684934139
11931,0.038569312542676926
11932,0.9971708655357361
11933,0.0024499634746462107
11934,0.12300225347280502
11935,0.9998946189880371
11936,4.709009226644412e-05
11937,0.07259858399629593
11938,0.9981416463851929
11939,0.01288534514605999
11940,0.018747158348560333
11941,0.9987194538116455
11942,2.5795845431275666e-05
11943,0.00010563567775534466
11944,1.0
11945,0.06339145451784134
11946,0.9776729345321655
11947,0.005130802746862173
11948,1.1632298082986381e-05
11949,0.07554476708173752
11950,0.22697153687477112
11951,0.37796536087989807
11952,0.9504900574684143
11953,0.8968800902366638
11954,0.9997043013572693
11955,0.999982476234436
11956,0.9603785276412964
11957,0.9999043941497803
11958,0.9602023363113403
11959,0.0815335065126419
11960,0.964961051940918
11961,0.9843660593032837
11962,0.0008864469709806144
11963,0.03931845352053642
11964,0.6611418128013611
11965,0.09958315640687943
11966,0.0013209865428507328
11967,0.9706236124038696
11968,2.2968549728830112e-08
11969,0.9999960660934448
11970,0.9085622429847717
11971,0.012446833774447441
11972,0.9545218348503113
11973,0.09606237709522247
11974,0.3227975368499756
11975,0.8462703824043274
11976,0.0002571792574599385
11977,0.8532971143722534
11978,0.5786492824554443
11979,0.5479007959365845
11980,0.4347982108592987
11981,0.008194642141461372
11982,0.9999935626983643
11983,0.0015250499127432704
11984,0.9984354376792908
11985,0.9325960278511047
11986,0.9591825604438782
11987,0.9999998807907104
11988,0.46099358797073364
11989,0.002184266457334161
11990,0.5187180042266846
11991,0.043573975563049316
11992,0.25148117542266846
11993,0.017277216538786888
11994,0.9696950912475586
11995,0.04007546976208687
11996,0.03149887174367905
11997,0.3298088312149048
11998,0.9970827698707581
11999,0.9844693541526794
12000,0.8504799604415894
12001,0.6764081716537476
12002,0.9992606043815613
12003,0.1358550786972046
12004,0.9709588885307312
12005,0.9760829210281372
12006,0.9943244457244873
12007,0.05729472264647484
12008,0.24781152606010437
12009,0.9999926090240479
12010,0.03526756912469864
12011,0.930188775062561
12012,0.9999998807907104
12013,1.0
12014,0.8931646943092346
12015,0.5526427626609802
12016,0.0035498798824846745
12017,0.9999996423721313
12018,7.199615356512368e-05
12019,0.00038603987195529044
12020,0.0041400664485991
12021,0.9999998807907104
12022,0.9962190985679626
12023,0.9714226722717285
12024,0.9980802536010742
12025,0.03139251470565796
12026,0.987181544303894
12027,2.58007517572878e-08
12028,0.9779444336891174
12029,0.004233259707689285
12030,0.016683248803019524
12031,0.003821940626949072
12032,0.00646322313696146
12033,0.9976995587348938
12034,0.004286637995392084
12035,0.04507600888609886
12036,0.013791928067803383
12037,0.9485368132591248
12038,0.7159618139266968
12039,0.9999624490737915
12040,0.9701492786407471
12041,0.00980176217854023
12042,0.10944926738739014
12043,0.6129620671272278
12044,0.10251159220933914
12045,0.005557190161198378
12046,0.11419837176799774
12047,0.0006036811391822994
12048,1.0
12049,0.02593332901597023
12050,0.002378408797085285
12051,0.9531856179237366
12052,0.9999686479568481
12053,0.01373265590518713
12054,0.6610110998153687
12055,0.9999508857727051
12056,0.21744076907634735
12057,0.9894307851791382
12058,0.07400800287723541
12059,0.00125340954400599
12060,0.9303411245346069
12061,0.9874645471572876
12062,0.9999892711639404
12063,5.8845085732173175e-05
12064,0.9999889135360718
12065,0.0003399785200599581
12066,1.4264522008033964e-07
12067,0.0009401229908689857
12068,0.16990303993225098
12069,9.109575103138923e-07
12070,0.0002615322300698608
12071,0.0007021091878414154
12072,0.10567934811115265
12073,0.6382569074630737
12074,0.9378129243850708
12075,0.9988968372344971
12076,0.9837622046470642
12077,0.002777962014079094
12078,0.8708101511001587
12079,0.4423111379146576
12080,0.9766430854797363
12081,0.0015321524115279317
12082,0.9999938011169434
12083,0.09092632681131363
12084,0.08417164534330368
12085,0.05170326307415962
12086,0.8052624464035034
12087,0.8402993083000183
12088,0.44717445969581604
12089,0.24818095564842224
12090,0.9995716214179993
12091,0.003764024470001459
12092,1.0
12093,0.00020917846995871514
12094,0.29634055495262146
12095,6.677969849988585e-06
12096,0.9999819993972778
12097,0.004030386917293072
12098,1.0
12099,0.9700437784194946
12100,0.3892773687839508
12101,0.003740021027624607
12102,5.2358263928908855e-05
12103,0.0022665595170110464
12104,0.5624536275863647
12105,0.0005157904815860093
12106,0.013487339951097965
12107,0.1274680644273758
12108,0.5196956396102905
12109,0.9586194753646851
12110,0.06677542626857758
12111,0.9647296667098999
12112,0.9007611274719238
12113,0.9924947023391724
12114,0.9854540824890137
12115,0.0003978829481638968
12116,0.31223851442337036
12117,0.9998300075531006
12118,0.00010342332097934559
12119,0.00035867627593688667
12120,0.1727660596370697
12121,0.9535946249961853
12122,0.9999697208404541
12123,0.9109876751899719
12124,1.027387952490244e-07
12125,0.024846475571393967
12126,0.9874247908592224
12127,0.029294462874531746
12128,0.006555305793881416
12129,1.1918773168417829e-07
12130,0.006512229796499014
12131,0.9999998807907104
12132,0.04601864144206047
12133,0.2451838254928589
12134,0.011057122610509396
12135,0.9832755923271179
12136,2.0787312678294256e-05
12137,0.12903648614883423
12138,0.00035063110408373177
12139,0.9921301007270813
12140,0.7653778195381165
12141,0.9424415230751038
12142,3.030701236639288e-07
12143,0.995151162147522
12144,0.00038371130358427763
12145,1.0
12146,0.9999966621398926
12147,0.9998810291290283
12148,0.4940696656703949
12149,0.9999969005584717
12150,0.011348076164722443
12151,0.06854409724473953
12152,0.035044338554143906
12153,0.7549628615379333
12154,0.1932905614376068
12155,0.9999921321868896
12156,0.9936574101448059
12157,0.09821421653032303
12158,0.9790458679199219
12159,0.0115133635699749
12160,0.889742910861969
12161,0.00997577328234911
12162,0.03611881285905838
12163,0.696474015712738
12164,5.784615950688021e-06
12165,0.26461756229400635
12166,0.012680169194936752
12167,0.9999219179153442
12168,0.005296438466757536
12169,0.01782047376036644
12170,0.9999980926513672
12171,0.6977107524871826
12172,0.9999703168869019
12173,0.16752417385578156
12174,0.004563329741358757
12175,0.9855842590332031
12176,5.480485560838133e-05
12177,0.9992786049842834
12178,0.8394529223442078
12179,0.9999594688415527
12180,0.3684438169002533
12181,0.2514358162879944
12182,0.009725494310259819
12183,0.8874015808105469
12184,0.5956017971038818
12185,0.024565350264310837
12186,0.9621223211288452
12187,0.04992852360010147
12188,0.9993698000907898
12189,0.5881532430648804
12190,0.2292712777853012
12191,0.7965499758720398
12192,0.28289327025413513
12193,0.7024484872817993
12194,0.0005328699480742216
12195,4.272570095054107e-06
12196,0.9941620230674744
12197,0.0010098344646394253
12198,0.006009320262819529
12199,0.9747660160064697
12200,0.9988598823547363
12201,0.9876646399497986
12202,5.291878551361151e-06
12203,0.1439218372106552
12204,0.005396171472966671
12205,0.10195421427488327
12206,0.999988317489624
12207,0.08031617850065231
12208,0.9997405409812927
12209,0.00035957226646132767
12210,0.015539081767201424
12211,0.04966241493821144
12212,4.794931562912552e-09
12213,0.9417527318000793
12214,0.024440785869956017
12215,0.0003015935071744025
12216,0.030111555010080338
12217,8.628906653029844e-05
12218,0.020721741020679474
12219,0.5350725054740906
12220,0.005635529290884733
12221,7.243272648338461e-06
12222,0.9873085618019104
12223,0.6125420928001404
12224,0.09140774607658386
12225,0.9296829104423523
12226,0.9999990463256836
12227,0.5594733357429504
12228,0.9950491786003113
12229,0.11688288301229477
12230,0.6549893617630005
12231,0.9641321301460266
12232,0.021257787942886353
12233,0.15507306158542633
12234,0.9261681437492371
12235,0.9205902218818665
12236,0.05269915610551834
12237,0.8992249369621277
12238,0.5591453909873962
12239,0.014069036580622196
12240,2.2302544255836665e-09
12241,0.19718365371227264
12242,0.0658065602183342
12243,0.00016325441538356245
12244,0.9789642691612244
12245,0.004469249863177538
12246,0.4982419013977051
12247,0.6294780373573303
12248,0.9952464699745178
12249,1.0
12250,0.959709107875824
12251,0.9997088313102722
12252,5.252294067759067e-05
12253,0.3840188980102539
12254,0.9961827397346497
12255,0.004917528945952654
12256,0.9226837754249573
12257,7.824201748007908e-05
12258,0.590040922164917
12259,0.9828581809997559
12260,0.8365896344184875
12261,0.055159710347652435
12262,0.6866478323936462
12263,0.9999527931213379
12264,0.13467581570148468
12265,0.9909707307815552
12266,0.005429085344076157
12267,0.027429549023509026
12268,0.9999363422393799
12269,0.03415146470069885
12270,0.49408411979675293
12271,0.9805437922477722
12272,0.00011403850658098236
12273,0.9999983310699463
12274,0.9998099207878113
12275,0.9767246246337891
12276,0.00010419961472507566
12277,0.9661091566085815
12278,0.3827745318412781
12279,0.6168567538261414
12280,0.09299272298812866
12281,0.9993699193000793
12282,0.9850650429725647
12283,0.17740498483181
12284,0.9999972581863403
12285,0.01047115121036768
12286,0.00012625069939531386
12287,0.9671223163604736
12288,0.03274167329072952
12289,0.42312654852867126
12290,0.9164012670516968
12291,0.9996824264526367
12292,0.9649115204811096
12293,0.05327041447162628
12294,0.36066052317619324
12295,0.023238850757479668
12296,0.4506274461746216
12297,0.00012510264059528708
12298,0.3310841917991638
12299,1.5116268514248077e-05
12300,0.6326904892921448
12301,4.5832680370949674e-06
12302,0.031203296035528183
12303,1.0
12304,0.9999773502349854
12305,0.24484799802303314
12306,0.03686589002609253
12307,0.02570759877562523
12308,0.0023510062601417303
12309,0.16862615942955017
12310,0.8663791418075562
12311,0.7050102353096008
12312,0.9186028838157654
12313,0.9953610301017761
12314,0.9924121499061584
12315,0.4448617696762085
12316,0.574902355670929
12317,0.021607276052236557
12318,0.999987006187439
12319,0.21808336675167084
12320,0.9850980043411255
12321,0.9850242137908936
12322,0.053134042769670486
12323,0.8771677613258362
12324,6.525266508106142e-05
12325,0.023240474984049797
12326,6.493614637292922e-05
12327,0.00022961481590755284
12328,0.9791386723518372
12329,0.32065603137016296
12330,0.013432880863547325
12331,4.471638931136113e-06
12332,0.508931577205658
12333,0.9987622499465942
12334,0.0008654950652271509
12335,0.9504753947257996
12336,0.007856305688619614
12337,0.016615642234683037
12338,0.7215347290039062
12339,6.907781062182039e-05
12340,0.6191233992576599
12341,0.9999997615814209
12342,0.9872948527336121
12343,0.08720570057630539
12344,0.0018358686938881874
12345,0.0009649795829318464
12346,0.0020786409731954336
12347,0.021646957844495773
12348,0.9938321113586426
12349,0.0019447837257757783
12350,0.15020567178726196
12351,0.01559431478381157
12352,1.0
12353,0.29019826650619507
12354,0.9195127487182617
12355,0.9769740700721741
12356,9.902676538331434e-06
12357,0.7094379663467407
12358,0.000633228337392211
12359,0.0012248159619048238
12360,0.00018993297999259084
12361,0.9902616143226624
12362,0.7281954884529114
12363,0.26565104722976685
12364,0.8202276229858398
12365,0.9867321848869324
12366,0.9999994039535522
12367,0.9870071411132812
12368,0.5223878026008606
12369,0.9963561296463013
12370,0.49241819977760315
12371,0.999994158744812
12372,0.9845770001411438
12373,0.002575741382315755
12374,0.0015642355429008603
12375,0.643324613571167
12376,0.9905521869659424
12377,0.9937493801116943
12378,0.9993707537651062
12379,0.9987216591835022
12380,0.7921982407569885
12381,0.9993880987167358
12382,0.9829615950584412
12383,0.0019149893196299672
12384,5.721369234379381e-06
12385,0.8647183179855347
12386,0.8863195776939392
12387,0.003001759061589837
12388,0.0025885161012411118
12389,0.00018506156629882753
12390,0.15071558952331543
12391,0.8002960681915283
12392,0.9991207718849182
12393,0.0032345133367925882
12394,0.00034837835119105875
12395,4.945495106767339e-07
12396,0.9841477870941162
12397,0.019631395116448402
12398,0.14837129414081573
12399,0.6239261031150818
12400,0.18965783715248108
12401,0.9999988079071045
12402,1.3721552249990054e-07
12403,0.6566726565361023
12404,0.8359581232070923
12405,0.28350791335105896
12406,3.6997749703004956e-05
12407,0.2855018079280853
12408,0.36777225136756897
12409,0.9999840259552002
12410,0.7090991735458374
12411,0.9899722337722778
12412,1.0
12413,0.9502500891685486
12414,0.04960690811276436
12415,0.3826653063297272
12416,0.018530167639255524
12417,0.00017685437342152
12418,7.504092081944691e-06
12419,0.014017659239470959
12420,0.0039924983866512775
12421,0.8533451557159424
12422,0.8491508960723877
12423,0.029112812131643295
12424,0.6594615578651428
12425,0.9999001026153564
12426,0.061139460653066635
12427,0.9998892545700073
12428,0.025072559714317322
12429,0.6451123356819153
12430,0.9998478889465332
12431,0.0006140691693872213
12432,1.0
12433,0.9723647236824036
12434,0.1430440992116928
12435,0.9981243014335632
12436,0.9964842796325684
12437,0.317947655916214
12438,0.9870924949645996
12439,0.9136976599693298
12440,0.0004112788010388613
12441,0.007334013935178518
12442,0.6289302110671997
12443,0.4080495536327362
12444,0.8520099520683289
12445,0.000555219769012183
12446,0.000573073688428849
12447,0.9347456097602844
12448,0.9998501539230347
12449,0.9392127990722656
12450,0.13395677506923676
12451,0.5931374430656433
12452,0.8700478672981262
12453,0.04490181431174278
12454,0.23929104208946228
12455,0.001989553449675441
12456,0.1077934205532074
12457,9.468031930737197e-05
12458,0.9983880519866943
12459,0.9207299947738647
12460,0.9980764389038086
12461,0.9992409944534302
12462,4.6120262595650274e-06
12463,0.07485919445753098
12464,0.28542637825012207
12465,0.6794192790985107
12466,0.02265792340040207
12467,0.8067378401756287
12468,0.0010506099788472056
12469,0.08925910294055939
12470,0.9993786811828613
12471,0.9600079655647278
12472,0.06284936517477036
12473,0.020537395030260086
12474,0.033521618694067
12475,0.0003161652130074799
12476,0.609663188457489
12477,0.9999935626983643
12478,0.21684511005878448
12479,3.2768973312613525e-08
12480,0.015472201630473137
12481,0.9175018072128296
12482,0.0004415388102643192
12483,0.00015672824520152062
12484,0.14144101738929749
12485,0.020139871165156364
12486,0.9990398287773132
12487,0.9999295473098755
12488,0.9749361276626587
12489,0.3799874484539032
12490,0.9983567595481873
12491,0.5242777466773987
12492,0.9999213218688965
12493,0.9668008685112
12494,0.9971170425415039
12495,0.9787432551383972
12496,0.293088436126709
12497,0.010248074308037758
12498,0.7562510967254639
12499,0.9998797178268433
12500,3.5560319702199195e-06
